insider_name,insider_role,company_name,company_cik,filing_date,filing
PEAK SCOTT BENNETT,['Director'],"Cheniere Energy, Inc.",0000003570,2022-04-07,0000003570-22-000041
JOHNSON MERCEDES,['Director'],ANALOG DEVICES INC,0000006281,2021-08-30,0000006281-21-000217
Habachy David,['Director'],EARTHSTONE ENERGY INC,0000010254,2021-01-22,0000010254-21-000016
Wrobel Jill,['Officer'],BRUNSWICK CORP,0000014930,2021-12-17,0000014930-21-000158
SIEGEL KENNETH I,['Director'],FLOWSERVE CORP,0000030625,2022-08-22,0000030625-22-000085
Villalobos Gabriela,['Officer'],FARMER BROTHERS CO,0000034563,2019-09-06,0000034563-19-000054
Smiley Joshua L,"['Officer', 'SVP and CFO']",LILLY ELI & CO,0000059478,2018-01-09,0000059478-18-000006
Nee Brian,['Officer'],"PGIM Global Short Duration High Yield Fund, Inc.",0001554697,2018-07-19,0000067590-18-001247
Brinda Patty S.,['Officer'],NL INDUSTRIES INC,0000072162,2019-06-03,0000072162-19-000008
Kasher Alan,['Officer'],SOUTHWEST AIRLINES CO,0000092380,2021-02-04,0000092380-21-000008
McGrew Matthew,['Officer'],DANAHER CORP /DE/,0000313616,2019-01-03,0000313616-19-000002
FMR LLC,"['10% Owner', 'Other']",PRECISION BIOSCIENCES INC,0001357874,2019-03-27,0000315066-19-001465
Mayer Bethany,['Director'],LAM RESEARCH CORP,0000707549,2019-05-14,0000707549-19-000090
FITZSIMMONS ELLEN M,['Officer'],SUNTRUST BANKS INC,0000750556,2018-01-17,0000750556-18-000007
Schweihs Carl,['Officer'],"TrueBlue, Inc.",0000768899,2019-06-10,0000768899-19-000091
Joachimczyk Paul,['Officer'],AMERICAN WOODMARK CORP,0000794619,2020-07-20,0000794619-20-000051
GABELLI MARIO J,['10% Owner'],Internap Corp,0001056386,2019-01-17,0000807249-19-000011
KANTER HARVEY S,['Officer'],"DESTINATION XL GROUP, INC.",0000813298,2019-02-21,0000813298-19-000015
COLL WAYNE M,['Officer'],MICRON SOLUTIONS INC /DE/,0000819689,2019-08-13,0000819689-19-000067
DACIER PAUL T,['Director'],PROGRESS SOFTWARE CORP /MA,0000876167,2018-04-16,0000876167-18-000029
HARRIS SIDNEY E,['Director'],Stone Harbor Emerging Markets Income Fund,0001501103,2022-04-18,0000883237-22-000164
Colwell Michael C.,['Officer'],KADANT INC,0000886346,2019-07-02,0000886346-19-000111
Cunningham Rose,['Officer'],ASGN Inc,0000890564,2022-12-15,0000890564-22-000038
Schlecht Richard W,['Officer'],DULUTH HOLDINGS INC.,0001649744,2020-02-03,0000892712-20-000045
Skirnick Gabriella,['Officer'],Phillip Street Middle Market Lending Fund LLC,0001948368,2022-12-20,0000895345-22-000843
Hansen Bruce Edward,['Director'],LIVEPERSON INC,0001102993,2023-01-06,0000895345-23-000006
Gramz Mark A,['Officer'],MARCUS CORP,0000062234,2023-08-14,0000897069-23-001174
Householder Paul D,['Director'],ALAMO GROUP INC,0000897077,2024-02-27,0000897077-24-000019
BOGART STACY L,['Officer'],WINNEBAGO INDUSTRIES INC,0000107687,2018-01-02,0000897101-18-000003
Eliasek M Grier,"['Director', 'Officer']","TP Flexible Income Fund, Inc.",0001521945,2019-04-10,0000897101-19-000342
Forte Jill M,['Officer'],Thrivent Church Loan & Income Fund,0001721413,2018-09-28,0000898432-18-001058
Buggy Joseph J,['Officer'],"Corvus Pharmaceuticals, Inc.",0001626971,2018-01-23,0000899243-18-001669
SCHWARZMAN STEPHEN A,['10% Owner'],One Madison Corp,0001712463,2018-01-31,0000899243-18-002369
WADDELL & REED FINANCIAL INC,"['10% Owner', 'Other']",MARRONE BIO INNOVATIONS INC,0001441693,2018-02-07,0000899243-18-003130
CANESSA REMO,['Officer'],"Zscaler, Inc.",0001713683,2018-03-15,0000899243-18-007544
"Fifth Creek Energy Company, LLC; NGP Energy Capital Management, L.L.C.","['10% Owner', 'Other (Director by Deputization)']",HighPoint Resources Corp,0001725526,2018-03-19,0000899243-18-007998
Clark Quentin,['Officer'],"DROPBOX, INC.",0001467623,2018-03-22,0000899243-18-008387
Eastman Ronald W,"['Director', '10% Owner']",pSivida Corp.,0001314102,2018-03-29,0000899243-18-008980
DOVER Corp,['10% Owner'],Apergy Corp,0001723089,2018-04-19,0000899243-18-010413
Fleming Ned N III,"['Director', '10% Owner']","Construction Partners, Inc.",0001718227,2018-05-03,0000899243-18-011423
Todd Stephen M.,['Director'],Apergy Corp,0001723089,2018-05-11,0000899243-18-012531
McVeigh Brian,['Officer'],"ZAFGEN, INC.",0001374690,2018-05-30,0000899243-18-014476
Aaron Schaal,['Director'],"Veoneer, Inc.",0001733186,2018-06-08,0000899243-18-015686
William J. Stein,['10% Owner'],CorePoint Lodging Inc.,0001707178,2018-06-11,0000899243-18-016002
MACKAY GEOFFREY,"['Director', 'Officer', 'President and Chief Executive Officer']","AVROBIO, Inc.",0001681087,2018-06-20,0000899243-18-017458
RIGBY JONATHAN,['Director'],XERIS PHARMACEUTICALS INC,0001346302,2018-06-20,0000899243-18-017486
Daniel Thomas O,['Director'],"Magenta Therapeutics, Inc.",0001690585,2018-06-20,0000899243-18-017505
"GV 2016 GP, L.L.C.",['10% Owner'],"Magenta Therapeutics, Inc.",0001690585,2018-06-20,0000899243-18-017513
Her Majesty the Queen in Right of the Province of Alberta as represented by Alberta Investment Management Corp,['10% Owner'],Bloom Energy Corp,0001664703,2018-07-31,0000899243-18-020887
WELLS FARGO & COMPANY,['10% Owner'],PIMCO MUNICIPAL INCOME FUND II,0001170299,2018-09-11,0000899243-18-024292
Irving Brian Matthew,['Officer'],"Eventbrite, Inc.",0001475115,2018-09-19,0000899243-18-024831
Kluge Kevin,['Officer'],Elastic N.V.,0001707753,2018-10-04,0000899243-18-026224
LEWIS JOSEPH,['10% Owner'],"Esperion Therapeutics, Inc.",0001434868,2018-10-30,0000899243-18-027664
Edwards David McCune,"['Officer', 'Chief Financial Officer']","ROAN RESOURCES, INC.",0001326428,2018-11-07,0000899243-18-028431
AFEYAN NOUBAR,"['Director', '10% Owner']","Moderna, Inc.",0001682852,2018-12-07,0000899243-18-030428
Wraight Georgina,['Officer'],"COVETRUS, INC.",0001752836,2019-02-19,0000899243-19-004107
AFEYAN NOUBAR,"['Director', '10% Owner']","Kaleido Biosciences, Inc.",0001751299,2019-02-27,0000899243-19-005063
DAVIS RICHARD K,['Director'],Dow Inc.,0001751788,2019-04-03,0000899243-19-009930
Townsend Adam J.,['Officer'],"Apellis Pharmaceuticals, Inc.",0001492422,2019-04-13,0000899243-19-010651
Ball George L.,['Officer'],PARSONS CORP,0000275880,2019-05-07,0000899243-19-012495
AKER HAZEL M,['Officer'],GTX INC /DE/,0001260990,2019-06-11,0000899243-19-016449
Douglas Leone,"['Director', '10% Owner']","Health Catalyst, Inc.",0001636422,2019-07-24,0000899243-19-020320
Fink Eric,['Officer'],"Global Blood Therapeutics, Inc.",0001629137,2019-08-09,0000899243-19-021574
John A. Kollins,"['Director', 'Officer']","Satsuma Pharmaceuticals, Inc.",0001692830,2019-09-12,0000899243-19-023446
Burrell Chet,['Director'],EXAGEN INC.,0001274737,2019-09-18,0000899243-19-023875
Greylock XII GP LLC,['10% Owner'],Oportun Financial Corp,0001538716,2019-09-25,0000899243-19-024287
Jacobson Mitchell Lawrence,['Director'],"Juniper Industrial Holdings, Inc.",0001787791,2019-11-07,0000899243-19-026888
Smith Dasha,['Director'],"COHEN & STEERS, INC.",0001284812,2019-11-15,0000899243-19-027363
Takata Akira,['Director'],SITIME Corp,0001451809,2019-11-20,0000899243-19-027743
Carlyle Group Management L.L.C.,['10% Owner'],1Life Healthcare Inc,0001404123,2020-01-30,0000899243-20-002362
Lorton Kenneth Patrick,['Officer'],"Schrodinger, Inc.",0001490978,2020-02-05,0000899243-20-003444
Atlas Technical Consultants Holdings LP,"['10% Owner', 'Director']","ATLAS TECHNICAL CONSULTANTS, INC.",0001751143,2020-02-19,0000899243-20-005132
DUNCAN R FOSTER,['Director'],"ATLAS TECHNICAL CONSULTANTS, INC.",0001751143,2020-02-19,0000899243-20-005143
CARSTAIRS ILFRYN,['Other'],"OneMain Holdings, Inc.",0001584207,2020-02-20,0000899243-20-005312
McLain William Thomas Jr.,['Officer'],EASTMAN CHEMICAL CO,0000915389,2020-03-02,0000899243-20-006592
"BlackRock Internationl, Ltd.",['Other'],"BLACKROCK INCOME TRUST, INC.",0000832327,2020-03-04,0000899243-20-006900
WALKER KELLYE L,['Officer'],EASTMAN CHEMICAL CO,0000915389,2020-04-14,0000899243-20-010707
Shaeffer Daniel,"['Director', 'Officer']","Cottonwood Communities, Inc.",0001692951,2020-04-29,0000899243-20-011536
Noyes Corinne,['Officer'],"Lyra Therapeutics, Inc.",0001327273,2020-04-30,0000899243-20-011658
MERRIFIELD C ANN,['Director'],"Lyra Therapeutics, Inc.",0001327273,2020-04-30,0000899243-20-011666
Boag Simon,['Officer'],Kensington Capital Acquisition Corp.,0001811414,2020-06-25,0000899243-20-017719
Wooldridge James,['Officer'],"Checkmate Pharmaceuticals, Inc.",0001651431,2020-08-06,0000899243-20-021706
Isacoff Oren,['Director'],"Checkmate Pharmaceuticals, Inc.",0001651431,2020-08-06,0000899243-20-021713
Zeng Ling,['Officer'],Dicerna Pharmaceuticals Inc,0001399529,2020-09-16,0000899243-20-025419
BOTHA ROELOF,"['Director', '10% Owner']",Unity Software Inc.,0001810806,2020-09-17,0000899243-20-025608
Park Charles,['Officer'],BlackRock Capital Allocation Trust,0001809541,2020-09-24,0000899243-20-026254
Yan Aileen X.,['Director'],"Academy Sports & Outdoors, Inc.",0001817358,2020-10-02,0000899243-20-026992
DeYoung Casi,['Officer'],"Shattuck Labs, Inc.",0001680367,2020-10-08,0000899243-20-027874
Frank Cannova,['Director'],"Array Technologies, Inc.",0001820721,2020-10-14,0000899243-20-028226
DECICCO CARL,['Officer'],Foghorn Therapeutics Inc.,0001822462,2020-10-22,0000899243-20-029123
"INSIGNIA CAPITAL PARTNERS GP, L.L.C.",['10% Owner'],"MediaAlpha, Inc.",0001818383,2020-10-28,0000899243-20-029440
VRABECK KATHY P,['Director'],"MediaAlpha, Inc.",0001818383,2020-10-27,0000899243-20-029448
Violin Jonathan,['Officer'],"MIRAGEN THERAPEUTICS, INC.",0001590750,2020-10-30,0000899243-20-029993
Zanite Sponsor LLC,"['Director', '10% Owner']",Zanite Acquisition Corp.,0001823652,2020-11-16,0000899243-20-031135
"JPMorgan Chase Bank, N.A.",['10% Owner'],"BLACKROCK MUNIVEST FUND, INC.",0000835948,2020-12-22,0000899243-20-034860
Hynes Thomas J. III,"['Director', 'Officer', 'President']",XL Fleet Corp.,0001772720,2020-12-23,0000899243-20-035018
Wright Frederick Craig,['Officer'],AerSale Corp,0001754170,2020-12-28,0000899243-20-035302
"Qiming Corporate GP IV, Ltd",['10% Owner'],Zai Lab Ltd,0001704292,2021-01-01,0000899243-21-000598
Walker Trent,['Officer'],BLACKROCK MUNICIPAL INCOME INVESTMENT TRUST,0001137392,2021-01-12,0000899243-21-001581
Mat Ishbia,"['Director', 'Officer', '10% Owner']",UWM Holdings Corp,0001783398,2021-02-01,0000899243-21-003930
Seitz Michelle,['Director'],"Sana Biotechnology, Inc.",0001770121,2021-02-03,0000899243-21-004856
STALNECKER SUSAN M,['Director'],Bioventus Inc.,0001665988,2021-02-11,0000899243-21-005991
"William P. Foley, II","['Director', '10% Owner']",Austerlitz Acquisition Corp II,0001839191,2021-02-25,0000899243-21-008305
Jansen Colleen,['Officer'],"ChargePoint Holdings, Inc.",0001777393,2021-03-02,0000899243-21-008985
Anthony P. Lee,"['Director', '10% Owner']",Roblox Corp,0001315098,2021-03-02,0000899243-21-009047
Anthony P. Lee,"['Director', '10% Owner']",Roblox Corp,0001315098,2021-03-02,0000899243-21-009050
Plouffe David,['Director'],"Oscar Health, Inc.",0001568651,2021-03-03,0000899243-21-009675
"Warburg Pincus Capital Corporation I-A Sponsor, L.P.","['Director', '10% Owner']",Warburg Pincus Capital Corp I-A,0001836075,2021-03-04,0000899243-21-010037
Fife Jay M.,['Officer'],BlackRock Innovation & Growth Trust,0001836057,2021-03-25,0000899243-21-013434
BAIN CAPITAL INVESTORS LLC,['10% Owner'],"Diversey Holdings, Ltd.",0001831617,2021-03-25,0000899243-21-013536
Petersen Ryan Roy,['Director'],two,0001843988,2021-03-29,0000899243-21-013855
John Petry,['10% Owner'],Garrett Motion Inc.,0001735707,2021-05-10,0000899243-21-018991
Castellano Michael J,['Director'],BlackRock Innovation & Growth Trust,0001836057,2021-05-12,0000899243-21-019219
Rolle Janet L,['Director'],SKYDECK ACQUISITION CORP.,0001847152,2021-05-18,0000899243-21-019819
Faix Philip,['Officer'],"Marqeta, Inc.",0001522540,2021-06-08,0000899243-21-022549
SPURLOCK STEVEN M,['10% Owner'],"1stdibs.com, Inc.",0001600641,2021-06-09,0000899243-21-022857
Gorcyca Felicia,['Officer'],"LifeStance Health Group, Inc.",0001845257,2021-06-10,0000899243-21-023064
WEAVER GREGORY L,['Officer'],ATAI Life Sciences B.V.,0001840904,2021-06-17,0000899243-21-024472
Holloman James Phillip,['Director'],BlackRock Capital Allocation Trust,0001809541,2021-06-21,0000899243-21-024718
Adam O'Farrell,"['Director', 'Officer', 'Partner', 'Chief Operating Officer']",Bridge Investment Group Holdings Inc.,0001854401,2021-07-16,0000899243-21-028753
Jason Richard Bruce,['Officer'],Holley Inc.,0001822928,2021-07-20,0000899243-21-029035
Murphy Denis,['Officer'],"Couchbase, Inc.",0001845022,2021-07-21,0000899243-21-029341
Fulk Jennifer,['Officer'],"Talkspace, Inc.",0001803901,2021-07-26,0000899243-21-030027
Flores Lorenzo,['Director'],"BLACKROCK MUNIYIELD FUND, INC.",0000879361,2021-08-09,0000899243-21-032066
Starker Fredric S.,"['Officer', 'Chief Financial Officer', 'Treasurer', 'Secretary']","NewLake Capital Partners, Inc.",0001854964,2021-08-16,0000899243-21-033188
Blackstone Tactical Opportunities Fund - FD L.P.,['10% Owner'],Sema4 Holdings Corp.,0001818331,2021-08-30,0000899243-21-034518
ZOGHLIN ALEX D,['Director'],Sierra Lake Acquisition Corp.,0001844135,2021-09-08,0000899243-21-035882
Coleman Mark J,"['Officer', 'Executive Vice President', 'General Counsel']",SOAR Technology Acquisition Corp.,0001844650,2021-09-15,0000899243-21-036169
Kern Peter M,['Director'],SOAR Technology Acquisition Corp.,0001844650,2021-09-15,0000899243-21-036174
Purington Joseph A,['Officer'],"Avangrid, Inc.",0001634997,2021-09-27,0000899243-21-038019
SVF Investments (UK) Ltd,['10% Owner'],Roivant Sciences Ltd.,0001635088,2021-10-01,0000899243-21-038634
Hackwell Paul,['Director'],"Life Time Group Holdings, Inc.",0001869198,2021-10-07,0000899243-21-039608
Gibson Angelic,['Officer'],"AvidXchange Holdings, Inc.",0001858257,2021-10-12,0000899243-21-039988
Enrique T. Salem,['10% Owner'],"AvidXchange Holdings, Inc.",0001858257,2021-10-12,0000899243-21-040005
Highland Management Partners VIII Ltd,['10% Owner'],"Rent the Runway, Inc.",0001468327,2021-10-26,0000899243-21-041649
Marquee Raine Acquisition Sponsor LP,['10% Owner'],"ENJOY TECHNOLOGY, INC./DE",0001830180,2021-10-27,0000899243-21-041734
Khakpour Mehrezad,['Officer'],"Sonendo, Inc.",0001407973,2021-10-28,0000899243-21-041987
Chui James,['Director'],"Vaxxinity, Inc.",0001851657,2021-11-10,0000899243-21-043968
Kremling Ernest C. II,['Officer'],"Perimeter Solutions, SA",0001880319,2021-11-10,0000899243-21-044071
Hahn Rebecca,"['Officer', 'Chief Corporate Responsibility Officer']","Bird Global, Inc.",0001861449,2021-11-12,0000899243-21-044364
Sanberg Joseph N.,['10% Owner'],"Blue Apron Holdings, Inc.",0001701114,2021-11-15,0000899243-21-044508
Kapoor Aarti,"['Director', 'Officer']",VMG Consumer Acquisition Corp.,0001875943,2021-11-16,0000899243-21-044930
"Redpoint Omega II, LLC",['10% Owner'],"HashiCorp, Inc.",0001720671,2021-12-08,0000899243-21-047387
Horning Sandra,['Director'],"EQRx, Inc.",0001843762,2021-12-20,0000899243-21-049095
Thomas Hans,"['Director', 'Officer', '10% Owner']",10X Capital Venture Acquisition Corp. III,0001848948,2022-01-11,0000899243-22-001674
MARAGANORE JOHN,['Director'],"Kymera Therapeutics, Inc.",0001815442,2022-01-19,0000899243-22-002451
PureTech Health plc,['10% Owner'],"GELESIS HOLDINGS, INC.",0001805087,2022-01-21,0000899243-22-002890
Brian D. Finn,['Director'],Owl Rock Technology Income Corp.,0001869453,2022-02-11,0000899243-22-005882
MORTON KRISTINA M,['Officer'],APi Group Corp,0001796209,2022-03-01,0000899243-22-008410
Welch Troy O,['Director'],INTEGRATED RAIL & RESOURCES ACQUISITION CORP,0001854795,2022-03-09,0000899243-22-010125
Paul C. Hilal,['Director'],"DOLLAR TREE, INC.",0000935703,2022-03-22,0000899243-22-011821
John A. Boehner,['Director'],SK Growth Opportunities Corp,0001912461,2022-06-23,0000899243-22-023906
Panama Diego,['Officer'],Olo Inc.,0001431695,2022-07-07,0000899243-22-025680
Wilmer Richard,['Officer'],"ChargePoint Holdings, Inc.",0001777393,2022-07-12,0000899243-22-025986
Fletcher Kyle,['Officer'],Celularity Inc,0001752828,2022-07-15,0000899243-22-026182
Springer Andrew,['Other'],John Hancock Asset-Based Lending Fund,0001885778,2022-07-21,0000899243-22-026479
"Carlyle Group Inc., Carlyle Holdings I GP Inc., Carlyle Holdings I GP Sub L.L.C., Carlyle Holdings I L.P., CG Subsidiary Holdings L.L.C., TC Group, LLC, Carlyle Investment Management LLC, Carlyle Genesis UK LLC",['10% Owner'],"eFFECTOR Therapeutics, Inc.",0001828522,2022-08-11,0000899243-22-028394
Graf Michael,['Officer'],Sixth Street Lending Partners,0001925309,2022-08-27,0000899243-22-029928
COOLEY PHILIP L,['Director'],ABRAXAS PETROLEUM CORP,0000867665,2022-09-23,0000899243-22-031926
Soccio Phillip,['Other'],BlackRock 2037 Municipal Target Term Trust,0001832871,2022-10-26,0000899243-22-034223
Chau Hoi Shuen Solina Holly,['10% Owner'],"Celsius Holdings, Inc.",0001341766,2022-11-30,0000899243-22-037179
ZMSS WSP Business Management LLC,['Other'],"CONSTELLATION BRANDS, INC.",0000016918,2022-12-02,0000899243-22-037420
Lundy Ann Marie,['Director'],"Beachbody Company, Inc.",0001826889,2023-01-05,0000899243-23-001058
Wells David R.,['Director'],"Heart Test Laboratories, Inc.",0001468492,2023-01-06,0000899243-23-001192
Carlyle Global Credit Investment Management L.L.C.,['10% Owner'],Vertical Capital Income Fund,0001517767,2023-01-23,0000899243-23-002406
Lieber Jonathan I,['Officer'],Rallybio Corp,0001739410,2023-02-01,0000899243-23-003154
"Crane Holdings, Co.",['10% Owner'],Crane Co,0001944013,2023-02-07,0000899243-23-004215
Miura Kazuo,['Officer'],AERWINS Technologies Inc.,0001855631,2023-02-06,0000899243-23-004261
Santiago Kristi Manidis,['Other'],"BLACKROCK MUNIHOLDINGS NEW YORK QUALITY FUND, INC.",0001038186,2023-03-10,0000899243-23-008009
HEIDECORN DAVID,['Director'],"BurgerFi International, Inc.",0001723580,2023-03-31,0000899243-23-010084
AlpInvest Partners B.V.,['10% Owner'],Stagwell Inc,0000876883,2023-05-10,0000899243-23-012560
LILLY STEVEN C,['Officer'],KKR FS Income Trust,0001930679,2023-05-30,0000899243-23-014119
Estes Scott Anson,['Officer'],"Savers Value Village, Inc.",0001883313,2023-06-28,0000899243-23-016649
Drumgoole Christopher,['Director'],"Kodiak Gas Services, Inc.",0001767042,2023-06-28,0000899243-23-016687
Hogue Stephanie,"['Director', 'Officer', 'President', 'Chief Financial Officer', 'Treasurer', 'Corporate Secretary']",Mobile Infrastructure Corp,0001847874,2023-08-28,0000899243-23-018531
SOFTBANK GROUP CORP.,['10% Owner'],Better Home & Finance Holding Co,0001835856,2023-09-01,0000899243-23-018645
Gray Adam,['10% Owner'],"MasterCraft Boat Holdings, Inc.",0001638290,2023-09-28,0000899243-23-019613
Guinn Max A,['Director'],TITAN INTERNATIONAL INC,0000899751,2019-06-14,0000899751-19-000043
Schapper Aaron M,['Officer (EVP Infrastructure)'],VALMONT INDUSTRIES INC,0000102729,2020-05-08,0000900440-20-000056
HIGHBRIDGE CAPITAL MANAGEMENT LLC,['10% Owner'],GTY Technology Holdings Inc.,0001682325,2018-11-07,0000902664-18-003965
HIGHBRIDGE CAPITAL MANAGEMENT LLC,['10% Owner'],PARKER DRILLING CO /DE/,0000076321,2019-04-05,0000902664-19-001800
Shea Kenneth,"['10% Owner', 'Other']","AMAG PHARMACEUTICALS, INC.",0000792977,2019-09-16,0000902664-19-003738
DAVIDSON KEMPNER PARTNERS,['10% Owner'],"Contura Energy, Inc.",0001704715,2019-11-21,0000902664-19-004406
Barrett Jonathan Dan,['10% Owner'],Valaris plc,0000314808,2019-11-25,0000902664-19-004425
YOSELOFF ANTHONY ALEXANDER,['10% Owner'],NETSTREIT Corp.,0001798100,2020-08-12,0000902664-20-002982
YOSELOFF ANTHONY ALEXANDER,['10% Owner'],"Radius Global Infrastructure, Inc.",0001810739,2020-10-05,0000902664-20-003516
UBBEN JEFFREY W,['Director'],"AppHarvest, Inc.",0001807707,2021-02-01,0000902664-21-000722
HARBERT RAYMOND J,['10% Owner'],TRANSACT TECHNOLOGIES INC,0001017303,2022-02-10,0000902664-22-001455
"TPG Group Holdings (SBS) Advisors, Inc.",['10% Owner'],"Zscaler, Inc.",0001713683,2018-03-15,0000903423-18-000160
Leathers Eric W,['Director'],ASSURANT INC,0001267238,2018-06-08,0000903423-18-000329
Kurrik Ilomai,['Officer'],"SIGULER GUFF SMALL BUSINESS CREDIT OPPORTUNITIES FUND, INC",0001614173,2018-03-29,0000904454-18-000257
ZELHOF RONALD P.,['Officer'],"Surgery Partners, Inc.",0001638833,2018-04-23,0000904454-18-000315
Choe Michael W.,['Director'],Wayfair Inc.,0001616707,2020-05-14,0000904454-20-000353
Ouimet Paige,['Director'],JAPAN SMALLER CAPITALIZATION FUND INC,0000859796,2021-11-30,0000905148-21-000713
Nathaniel H. August,"['Director', '10% Owner']",Pearl Holdings Acquisition Corp,0001856161,2023-12-20,0000905148-23-001677
FISHER MARY,['Director'],"Dermata Therapeutics, Inc.",0001853816,2021-08-12,0000905718-21-001035
Peter Hebert,['10% Owner'],"Science 37 Holdings, Inc.",0001819113,2021-10-18,0000905718-21-001356
Coulter Curt E,['Director'],CHOICEONE FINANCIAL SERVICES INC,0000803164,2022-09-28,0000905729-22-000190
Bentivoglio Gianfranco,"['Director', 'Officer']","EPHS HOLDINGS, INC.",0001731911,2018-09-13,0000908662-18-000199
Idrovo Javier H,['Officer'],HAIN CELESTIAL GROUP INC,0000910406,2019-12-04,0000910406-19-000132
Thamodaran Dhamu R.,['Director'],StoneX Group Inc.,0000913760,2021-11-01,0000913760-21-000181
Zientek Michael,['Officer'],"EVO Transportation & Energy Services, Inc.",0000728447,2018-10-02,0000914190-18-000417
Jennifer S. Berg,['Officer'],Western Asset Municipal Defined Opportunity Trust Inc.,0001454021,2018-01-10,0000914851-18-000028
CRONIN DANIEL P,['Director'],Clarion Partners Real Estate Income Fund Inc.,0001762562,2019-06-13,0000914851-19-000139
HOFFMANN COURTNEY A.,['Other'],WESTERN ASSET HIGH INCOME OPPORTUNITY FUND INC.,0000910068,2022-07-21,0000914851-22-000044
Hinkle Matthew T.,['Other'],WESTERN ASSET EMERGING MARKETS DEBT FUND INC.,0001227862,2024-01-03,0000914851-24-000012
Murphy Terrence,['Other'],BrandywineGLOBAL-Global Income Opportunities Fund Inc,0001504545,2024-01-05,0000914851-24-000028
Fredriksen John,"['10% Owner', 'Other']","New Mountain Guardian III BDC, L.L.C.",0001781870,2019-09-16,0000919574-19-005887
Kozlowski Daniel R,['10% Owner'],PURE CYCLE CORP,0000276720,2019-10-15,0000919574-19-006435
STEVENSON CRAIG H JR,['Director'],"International Seaways, Inc.",0001679049,2021-07-20,0000919574-21-004622
Hearne Michael S,['Officer'],LA JOLLA PHARMACEUTICAL CO,0000920465,2020-06-01,0000920465-20-000087
LAMPERT MARK N,['10% Owner'],"CONCERT PHARMACEUTICALS, INC.",0001367920,2019-04-02,0000921895-19-000975
MUTCH JOHN,"['Other', '10% Owner']",LEAF GROUP LTD.,0001365038,2021-02-22,0000921895-21-000529
WHITE-IVY NITA C,['Officer'],BLACKBERRY Ltd,0001070235,2020-03-03,0000925421-20-000092
Brittenham Beth A.,['Officer'],"Richmond Mutual Bancorporation, Inc.",0001767837,2019-06-24,0000927089-19-000247
Metzger Andrew,['Officer'],City National Rochdale Select Strategies Fund,0001690996,2023-11-16,0000929638-23-003163
Christina Seix Dow 2012 Trust,['10% Owner'],Lord Abbett Credit Opportunities Fund,0001753712,2019-07-08,0000930413-19-002027
TURNER BRIAN V,['Director'],Iron Horse Acquisitions Corp.,0001901203,2023-12-29,0000930413-23-002764
Jones Laura Davis,['Officer'],"PYXUS INTERNATIONAL, INC.",0000939930,2018-11-26,0000939930-18-000086
FIFTHDELTA Ltd,['10% Owner'],Fisker Inc./DE,0001720990,2023-03-28,0000945621-23-000187
Jennings Nicole H.,['Officer'],DENBURY INC,0000945764,2021-01-19,0000945764-21-000006
Pawlikowski Ellen M,['Director'],RAYTHEON TECHNOLOGIES CORP,0000101829,2020-04-08,0000947871-20-000358
McGuinness Michael J.,['Director'],LatAmGrowth SPAC,0001868269,2022-01-24,0000947871-22-000098
Galbraith Daniel,['Officer'],"BRP Group, Inc.",0001781755,2019-10-23,0000950103-19-014144
Colby Matthew,['Other'],"Goosehead Insurance, Inc.",0001726978,2020-09-18,0000950103-20-018356
Oren Zeev,['Director'],Trepont Acquistion Corp I,0001826991,2020-12-01,0000950103-20-023480
Lebowits Ariel,['Director'],Alpha Capital Acquisition Co,0001836547,2021-02-24,0000950103-21-002947
Caputo Phillip C.,['Officer'],Disruptive Acquisition Corp I,0001838831,2021-03-23,0000950103-21-004467
Pellegrino Thierry,['Officer'],"SMART Global Holdings, Inc.",0001616533,2021-04-09,0000950103-21-005423
Bell Michael,['Officer'],"Lucid Group, Inc.",0001811210,2021-07-27,0000950103-21-011273
Hornung Alexander,['Officer'],Mountain & Co. I Acquisition Corp.,0001856995,2021-11-04,0000950103-21-017420
ALBO PINA,['Director'],REINSURANCE GROUP OF AMERICA INC,0000898174,2019-10-01,0000950138-19-000484
Ginsberg Paul D.,['Director'],CHEESECAKE FACTORY INC,0000887596,2020-04-30,0000950142-20-001286
Wasserman Thomas,"['Director', 'Officer']",Altimar Acquisition Corp. III,0001841004,2021-03-04,0000950142-21-000851
Anderson Michael Ray,['Officer'],G&P Acquisition Corp.,0001839121,2021-03-10,0000950142-21-000907
Weil Edward M Jr.,['Director'],G&P Acquisition Corp.,0001839121,2021-03-10,0000950142-21-000913
"Wynnchurch Partners IV, L.P.","['Director', '10% Owner', 'Other']","Latham Group, Inc.",0001833197,2021-04-22,0000950142-21-001389
Mielle Dominique,['Director'],Osiris Acquisition Corp.,0001832136,2021-05-13,0000950142-21-001612
Keswani Vikas M.,['Director'],Redbox Entertainment Inc.,0001820201,2021-10-26,0000950142-21-003335
New Jason Griffin,['Director'],TERAWULF INC.,0001083301,2021-12-15,0000950142-21-004026
Groupe Bruxelles Lambert,['10% Owner'],Concentrix Corp,0001803599,2023-10-05,0000950170-23-052201
Guido James,['Officer'],"J.Jill, Inc.",0001687932,2023-11-13,0000950170-23-062629
"Madryn Asset Management, LP",['10% Owner'],Greenbrook TMS Inc.,0001735948,2024-01-11,0000950170-24-004098
Brian J. McNamara,['Director'],"Mondelez International, Inc.",0001103982,2024-02-02,0000950170-24-010483
Jones Ryan Alexander,['Officer'],"Kyverna Therapeutics, Inc.",0001994702,2024-02-07,0000950170-24-012475
Conti Robert John,['Officer'],EXCELSIOR VENTURE PARTNERS III LLC,0001103076,2018-06-13,0001012975-18-000731
Yerger Ann,['Director'],BED BATH & BEYOND INC,0000886158,2019-05-10,0001012975-19-000337
"Luxor Capital Group, LP",['10% Owner'],"Five Point Holdings, LLC",0001574197,2020-02-13,0001013594-20-000160
Sheehan Jeannine,['Officer'],"InfuSystem Holdings, Inc",0001337013,2019-04-26,0001014108-19-000071
Kuykendall James W.,['Director'],"CROSSFIRST BANKSHARES, INC.",0001458412,2019-08-14,0001014108-19-000123
Ding Wei,['Officer'],INSEEGO CORP.,0001022652,2021-06-10,0001022652-21-000058
Washburn Christopher L,['Officer'],PIONEER NATURAL RESOURCES CO,0001038357,2022-07-21,0001038357-22-000108
BETTI TAREK AHMAD,['Officer'],FRESH DEL MONTE PRODUCE INC,0001047340,2022-06-14,0001047340-22-000188
Rowe Robert Scott,['Director'],"QUANTA SERVICES, INC.",0001050915,2022-07-20,0001050915-22-000107
Griffin Sarah E,['Officer'],IDAHO POWER CO,0000049648,2019-10-04,0001057877-19-000117
PILLAY KUBANDIRAN,['Director'],NET 1 UEPS TECHNOLOGIES INC,0001041514,2020-06-01,0001062993-20-002665
LEONE DOUGLAS M,"['Director', '10% Owner']","Airbnb, Inc.",0001559720,2020-12-09,0001062993-20-006195
Newhall Charles Ashton,"['10% Owner', 'Director']","Oblong, Inc.",0000746210,2021-02-12,0001062993-21-001384
SOFTBANK GROUP CORP,"['Director', '10% Owner']","SoFi Technologies, Inc.",0001818874,2021-06-02,0001062993-21-005314
Ourso A. Justin IV,['10% Owner'],"Vintage Wine Estates, Inc.",0001834045,2021-06-17,0001062993-21-005785
Dahnke Scott Arnold,['10% Owner'],"BurgerFi International, Inc.",0001723580,2021-11-15,0001062993-21-010937
GUIFFRE CHRISTOPHERD T,['Officer'],"Pear Therapeutics, Inc.",0001835567,2021-12-07,0001062993-21-012353
Sierra Luis Manuel,['Director'],STEEL DYNAMICS INC,0001022671,2022-01-19,0001062993-22-001206
GEISEL THOMAS X,['Officer'],WEBSTER FINANCIAL CORP,0000801337,2022-02-02,0001062993-22-002353
COBB CAROLE B,['Officer'],"GreenLight Biosciences Holdings, PBC",0001822691,2022-02-04,0001062993-22-002712
BROTT ALAN,['Director'],NB Crossroads Private Markets Fund VII Holdings LP,0001851515,2022-03-11,0001062993-22-007503
Mihaljevic Tomislav,['Director'],GENERAL ELECTRIC CO,0000040545,2022-04-12,0001062993-22-010112
Dahya Darsh,['Officer'],"Greenlane Holdings, Inc.",0001743745,2022-04-20,0001062993-22-010502
HOWARD KAREN L,['Director'],SERVOTRONICS INC /DE/,0000089140,2022-04-27,0001062993-22-010889
Berry Holly N,['Officer'],UNITED COMMUNITY BANKS INC,0000857855,2022-05-19,0001062993-22-012990
Petry John,['10% Owner'],"Provention Bio, Inc.",0001695357,2022-07-11,0001062993-22-016227
Smith Maurice S,['Director'],HALLIBURTON CO,0000045012,2023-03-02,0001062993-23-005547
Jedda Dan,['Officer'],"ROKU, INC",0001428439,2023-05-02,0001062993-23-009927
Kraft Jennifer,['Officer'],"FOOT LOCKER, INC.",0000850209,2023-07-06,0001062993-23-014616
Carsley Mimi,['Officer'],"BLUCORA, INC.",0001068875,2020-03-18,0001068875-20-000071
Roller Chad B,['Officer'],CONTANGO OIL & GAS CO,0001071993,2020-07-07,0001071993-20-000027
Intrater Jonathan,['Officer'],Mana Capital Acquisition Corp.,0001870144,2021-12-02,0001079973-21-001184
Berezovsky Louis C.,['Director'],"Ascent Solar Technologies, Inc.",0001350102,2022-09-23,0001079973-22-001152
BROSENS FRANK,['10% Owner'],Prime Impact Acquisition I,0001819175,2022-10-07,0001085146-22-003275
Barhorst Ronald,['Director'],"PREDICTIVE TECHNOLOGY GROUP, INC.",0001382943,2019-04-11,0001091818-19-000117
Tang Yanfei,"['Director', 'Officer']","ZZLL INFORMATION TECHNOLOGY, INC",0001365357,2019-11-14,0001091818-19-000298
Brown Darin Adams,['Director'],"Starco Brands, Inc.",0001539850,2020-07-14,0001091818-20-000159
HURLSTON MICHAEL E.,"['Director', 'Officer']",FINISAR CORP,0001094739,2018-01-16,0001094739-18-000006
Coles Joanna,"['Director', 'Officer', '10% Owner']",Northern Star Investment Corp. III,0001835817,2021-03-01,0001094891-21-000124
Tiramani Galiano Paolo,"['Director', 'Officer', '10% Owner']",Boxabl Inc.,0001816937,2023-10-10,0001096906-23-001930
Maloney Michael R.,"['Director', 'Officer', 'Other']",Ameramex International Inc,0001776048,2019-07-23,0001099910-19-000062
Natarajan Rajesh,['Director'],ALLIANCE DATA SYSTEMS CORP,0001101215,2020-06-10,0001101215-20-000115
Williams Catherine Lynne,['Director'],ENBRIDGE INC,0000895728,2018-01-02,0001104659-18-000096
Murrell David,['Officer'],Silver Run Acquisition Corp II,0001690769,2018-02-09,0001104659-18-008099
McCabe Michael Anthony,['Officer'],Silver Run Acquisition Corp II,0001690769,2018-02-09,0001104659-18-008111
MUELLER PETER,['Director'],"BioXcel Therapeutics, Inc.",0001720893,2018-03-07,0001104659-18-015621
ELLISOR GABRIEL L,['Director'],"Energy XXI Gulf Coast, Inc.",0001404973,2018-04-09,0001104659-18-023151
"Atlas Venture Associates VI, Inc.",['10% Owner'],"Carbon Black, Inc.",0001366527,2018-05-03,0001104659-18-030377
"Apollo Management Holdings GP, LLC",['10% Owner'],TALOS ENERGY INC.,0001724965,2018-05-21,0001104659-18-034868
Blake Alan,['Officer'],"Blue Apron Holdings, Inc.",0001701114,2018-06-25,0001104659-18-042067
"Triangle Private Holdings I, LLC","['Director', '10% Owner']",PLANTRONICS INC /CA/,0000914025,2018-07-06,0001104659-18-044179
Douglas I. Ostrover,['Director'],Owl Rock Technology Finance Corp.,0001747777,2018-10-09,0001104659-18-061117
NESBEDA EUGENE P,['Director'],"YETI Holdings, Inc.",0001670592,2018-10-24,0001104659-18-063707
Shipley Douglas M,['10% Owner'],Legacy Housing Corp,0001436208,2019-01-04,0001104659-19-000895
Fanucci Marsha,['Director'],IRONWOOD PHARMACEUTICALS INC,0001446847,2019-03-14,0001104659-19-014912
van de Winkel Jan,['Director'],HOOKIPA Pharma Inc.,0001760542,2019-04-17,0001104659-19-022007
Leggett Thomas,['Officer'],Axcella Health Inc.,0001633070,2019-05-08,0001104659-19-027943
NG CAROLYN,['Director'],BICYCLE THERAPEUTICS Ltd,0001761612,2019-05-22,0001104659-19-031224
Karin M. Taylor,['Officer'],ALERUS FINANCIAL CORP,0000903419,2019-09-12,0001104659-19-049959
"OpenView Management, LLC",['10% Owner'],"Datadog, Inc.",0001561550,2019-09-18,0001104659-19-050617
Omavuezi Elo,['Officer'],ProPetro Holding Corp.,0001680247,2019-10-09,0001104659-19-053612
SKINNER JAMES E,['Director'],Acamar Partners Acquisition Corp.,0001759008,2020-02-20,0001104659-20-023384
LaGatta Vanessa Gomez,['Officer'],Emerge Energy Services LP,0001555177,2020-02-21,0001104659-20-023958
"Mudrick Distressed Opportunity Fund Global, L.P.","['10% Owner', 'Director']",HYCROFT MINING HOLDING CORP,0001718405,2020-06-02,0001104659-20-069155
Jeremy Green,['10% Owner'],Repare Therapeutics Inc.,0001808158,2020-06-19,0001104659-20-075376
SCHWARTZ KEVIN,['10% Owner'],"AgroFresh Solutions, Inc.",0001592016,2020-07-29,0001104659-20-087928
IAC/InterActiveCorp,['10% Owner'],MGM Resorts International,0000789570,2020-08-10,0001104659-20-092466
Clemens Jason A,['Officer'],AdaptHealth Corp.,0001725255,2020-08-12,0001104659-20-094175
GARRETT DIANE R,"['Director', 'Officer']",HYCROFT MINING HOLDING CORP,0001718405,2020-09-10,0001104659-20-103975
"HIGHCAPE PARTNERS, L.P.; HIGHCAPE PARTNERS QP, L.P.; HighCape Partners GP, LLC; HighCape Partners GP, L.P.; HighCape Co-Investment Vehicle I, LLC; HighCape Co-Investment Vehicle II, LLC; HighCape Capital, L.P.; HighCape Capital, LLC; Zuga Matt; RAKIN KEVIN","['10% Owner', 'Director']","AZIYO BIOLOGICS, INC.",0001708527,2020-10-07,0001104659-20-113183
Payne Brown,['Director'],ALTIMAR ACQUISITION CORP.,0001823945,2020-10-22,0001104659-20-117233
Malchow Joseph Ian,['Director'],Rodgers Silicon Valley Acquisition Corp,0001828318,2020-12-01,0001104659-20-131170
Sinclair Andrew,['Director'],Verona Pharma plc,0001657312,2021-01-04,0001104659-21-000471
CANADA PENSION PLAN INVESTMENT BOARD,['10% Owner'],"Petco Health & Wellness Company, Inc.",0001826470,2021-01-20,0001104659-21-005828
POLAK REBECCA C.,['Officer'],"CarLotz, Inc.",0001759008,2021-01-25,0001104659-21-007203
Butch Jason,['Officer'],AGILE THERAPEUTICS INC,0001261249,2021-01-28,0001104659-21-008895
Herrera Maria Alejandra,"['Director', 'Officer (Co-Chief Investment Officer)']",Itiquira Acquisition Corp.,0001805508,2021-02-03,0001104659-21-011756
LAIKIN ROBERT J,"['Director', 'Officer', 'Chief Executive Officer']",Novus Capital Corp II,0001828536,2021-02-04,0001104659-21-012440
Kolchinsky Peter,"['Director', '10% Owner']",Vor Biopharma Inc.,0001817229,2021-02-04,0001104659-21-012474
Hiatt Randall,['Director'],Bite Acquisition Corp.,0001831270,2021-02-11,0001104659-21-021015
Pretlow Paula B,['Director'],"Ares Dynamic Credit Allocation Fund, Inc.",0001515324,2021-02-18,0001104659-21-025115
PIPV Capital LLC,['10% Owner'],IBERE PHARMACEUTICALS,0001835205,2021-02-25,0001104659-21-028475
Kolchinsky Peter,"['Director', 'Officer']",Research Alliance Corp. II,0001819724,2021-03-17,0001104659-21-037956
Phillips Anne M.,['Director'],Vaccitech plc,0001828185,2021-04-29,0001104659-21-057860
SWENT JAMES W III,['Director'],Valaris Ltd,0000314808,2021-05-10,0001104659-21-063876
Schiffman Glenn,"['Director', 'Officer']","Vimeo Holdings, Inc.",0001837686,2021-05-17,0001104659-21-068376
Manischewitz Jeanne L.,['Director'],Graf Acquisition Corp. IV,0001845459,2021-05-20,0001104659-21-070068
Hickling Ken,['Officer'],OceanTech Acquisitions I Corp.,0001846809,2021-05-27,0001104659-21-073471
Shultz Barbara Lou,['Officer'],Howmet Aerospace Inc.,0000004281,2021-05-27,0001104659-21-073494
Drayton Claudia,['Officer'],Quantum-Si Inc,0001816431,2021-06-14,0001104659-21-080900
Mally Romitha,['Director'],Coliseum Acquisition Corp.,0001847440,2021-06-24,0001104659-21-085313
DAMORE RICHARD A,['10% Owner'],Markforged Holding Corp,0001816613,2021-07-14,0001104659-21-092245
"JATT Ventures, L.P.",['10% Owner'],JATT Acquisition Corp,0001855644,2021-07-14,0001104659-21-092294
MOYES JAY M,['Officer'],"SERA PROGNOSTICS, INC.",0001534969,2021-07-14,0001104659-21-092300
Pinho Mark,['Director'],AMCI Acquisition Corp. II,0001843724,2021-08-03,0001104659-21-099673
Bennett Bruce Tyler,"['Officer (President, Ingredients)']","Benson Hill, Inc.",0001830210,2021-10-08,0001104659-21-124814
Cicalese Rosemarie,['Officer'],ROC Energy Acquisition Corp.,0001884516,2021-12-01,0001104659-21-145598
Chetrit Isaac,['Director'],BurTech Acquisition Corp.,0001871638,2021-12-10,0001104659-21-148788
McDonald Margaret,['Director'],Revelstone Capital Acquisition Corp.,0001874218,2021-12-16,0001104659-21-150730
Jameson Peter Hamilton,['Officer'],Vuzix Corp,0001463972,2022-01-19,0001104659-22-005401
DeCotis Deborah A,['Director'],"Cadre Holdings, Inc.",0001860543,2022-04-14,0001104659-22-046027
Brewer Joanna Elizabeth,['Officer'],Adaptimmune Therapeutics PLC,0001621227,2022-05-04,0001104659-22-056004
Hendrix Martin,['Director'],Axcella Health Inc.,0001633070,2022-05-23,0001104659-22-063984
Friedman David,"['Director', 'Officer']",Prime Number Acquisition I Corp.,0001858180,2022-05-26,0001104659-22-065168
Mertz Larry Michael,['Officer'],"Accelerate Diagnostics, Inc",0000727207,2022-07-13,0001104659-22-079650
Monroe Stephen,['Director'],Jushi Holdings Inc.,0001909747,2022-08-12,0001104659-22-090134
"Apollo Management Holdings GP, LLC",['10% Owner'],"Chicken Soup for the Soul Entertainment, Inc.",0001679063,2022-08-19,0001104659-22-092963
Stivers Steven E.,['Director'],PHOENIX MOTOR INC.,0001879848,2022-10-06,0001104659-22-107041
Darakjian Erin,['Officer'],P3 Health Partners Inc.,0001832511,2022-11-09,0001104659-22-116470
Hernandez Cielo,['Director'],QualTek Services Inc.,0001839412,2022-12-13,0001104659-22-126757
Srivastava Sapna,['Director'],"Innoviva, Inc.",0001080014,2023-01-06,0001104659-23-001902
Cooper Bradley P,['Officer'],NGL Energy Partners LP,0001504461,2023-01-13,0001104659-23-003582
Archbold Christine E.,['Officer (Chief Accounting Officer)'],AdaptHealth Corp.,0001725255,2023-03-14,0001104659-23-032070
Wilson Alexander Blair,['Officer'],"AEON Biopharma, Inc.",0001837607,2023-07-24,0001104659-23-083562
GARDELLA LEE A,['Other'],Hartford Schroders Private Opportunities Fund,0001903070,2023-08-01,0001104659-23-086312
Madan Puja,['Officer'],Accordant ODCE Index Fund,0001783964,2023-09-11,0001104659-23-099455
"Phillip Frost, M.D.",['10% Owner'],NOCOPI TECHNOLOGIES INC/MD/,0000888981,2023-09-13,0001104659-23-100544
Duitz Joshua,['Officer'],abrdn Life Sciences Investors,0000884121,2023-12-22,0001104659-23-128721
KELLY MICHAEL,['Officer'],EchoStar CORP,0001415404,2024-01-03,0001104659-24-000982
Gulati Manisha Shetty,['Director'],"MODEL N, INC.",0001118417,2020-12-15,0001118417-20-000157
Dakin Sloss,['10% Owner'],"Vaxxinity, Inc.",0001851657,2021-11-10,0001123292-21-001442
Rojo Luis,['Officer'],STEPAN CO,0000094049,2018-05-03,0001127602-18-016133
Adams Molly P,['Officer'],CALERES INC,0000014707,2018-06-05,0001127602-18-019921
Garechana Robert,['Officer'],EQUITY RESIDENTIAL,0000906107,2018-09-07,0001127602-18-027111
Gunnion Neil,['Officer'],MCDERMOTT INTERNATIONAL INC,0000708819,2018-10-01,0001127602-18-028764
Bacon Renee M,['Officer'],Murphy USA Inc.,0001573516,2019-02-14,0001127602-19-006064
Lacouture Paul A,['Director'],"Keysight Technologies, Inc.",0001601046,2019-03-25,0001127602-19-013141
Tighe Jan E,['Director'],PROGRESSIVE CORP/OH/,0000080661,2019-05-14,0001127602-19-018465
CAMPBELL MOLLY,['Director'],GRANITE CONSTRUCTION INC,0000861459,2019-06-07,0001127602-19-021108
Pike Thomas,['Director'],MARTIN MARIETTA MATERIALS INC,0000916076,2019-07-16,0001127602-19-024589
Pagel Brian,['Officer'],"Emerald Expositions Events, Inc.",0001579214,2019-08-08,0001127602-19-026285
Clingman Rachel G,['Director'],Noble Midstream Partners LP,0001647513,2019-08-13,0001127602-19-026563
SKAGGS ROBERT C JR,['Director'],TEAM INC,0000318833,2019-08-22,0001127602-19-027217
Griffith Peter H.,['Officer'],AMGEN INC,0000318154,2020-01-06,0001127602-20-001294
Dahlstrom Kevin Vincent,['Officer'],CENTRAL PACIFIC FINANCIAL CORP,0000701347,2020-01-22,0001127602-20-002170
Gottlieb Scott,['Director'],"ILLUMINA, INC.",0001110803,2020-02-06,0001127602-20-004036
Restel Anthony J,['Officer'],FIRST HORIZON NATIONAL CORP,0000036966,2020-07-10,0001127602-20-021371
Bell Michael Alan,['Officer'],CORNING INC /NY,0000024741,2020-10-09,0001127602-20-026738
BTR 2020 GST Trust f/b/o Julia R. Kuipers,['Other'],"HYSTER-YALE MATERIALS HANDLING, INC.",0001173514,2020-12-28,0001127602-20-032427
Carroll Charles Benner Jr,['Officer'],S&T BANCORP INC,0000719220,2020-12-30,0001127602-20-032546
OZOLINS MARTY V.,['Officer'],Snap-on Inc,0000091440,2021-07-08,0001127602-21-021732
Kristin C. Peck,['Director'],BlackRock Inc.,0001364742,2021-10-01,0001127602-21-026336
Ridha Essra,['Officer'],"AVROBIO, Inc.",0001681087,2021-10-27,0001127602-21-027706
Finucane Anne A.,['Director'],WILLIAMS SONOMA INC,0000719955,2021-11-09,0001127602-21-028747
Laxton Stephen D,['Officer'],NUCOR CORP,0000073309,2022-03-11,0001127602-22-008991
COLDEN TRACY M J,['Director'],NATIONAL HEALTH INVESTORS INC,0000877860,2022-06-01,0001127602-22-016188
Minder Scott,['Officer'],"HYSTER-YALE MATERIALS HANDLING, INC.",0001173514,2022-08-25,0001127602-22-021948
CARTER SUSAN K,['Director'],"STANLEY BLACK & DECKER, INC.",0000093556,2023-10-24,0001127602-23-026220
Davis MacKenzie B,['10% Owner'],ANTERO RESOURCES Corp,0001433270,2018-02-08,0001140361-18-005873
"Insight Holdings Group, LLC",['10% Owner'],Mimecast Ltd,0001644675,2018-04-02,0001140361-18-016420
HAASE BRUCE N,['Director'],"ESH Hospitality, Inc.",0001507563,2018-04-09,0001140361-18-017849
Vendola Keith A.,['Officer'],"Rezolute, Inc.",0001509261,2018-05-16,0001140361-18-024431
Stahl Wilhelm,['Officer'],"Tricida, Inc.",0001595585,2018-06-27,0001140361-18-030221
Ibrahim Maha Saleh,['Director'],"TheRealReal, Inc.",0001573221,2019-06-27,0001140361-19-011857
"Merck & Co., Inc. and Merck Sharp & Dohme Corp.",['10% Owner'],ARQULE INC,0001019695,2019-12-16,0001140361-19-022638
Rudow David,['Officer'],"NCINO, INC.",0001566895,2020-07-13,0001140361-20-015902
Slater John,['Director'],"Thryv Holdings, Inc.",0001556739,2020-09-23,0001140361-20-021345
Gelobter David,['Officer'],Atlantic Avenue Acquisition Corp,0001819510,2020-10-01,0001140361-20-022188
KKR 2006 Allstar Blocker L.P.,['10% Owner'],"Academy Sports & Outdoors, Inc.",0001817358,2020-10-02,0001140361-20-022348
KELLEY BRIAN P,['Director'],HumanCo Acquisition Corp.,0001829042,2020-12-08,0001140361-20-027727
TANNENBAUM LEONARD M,"['Director', 'Officer', '10% Owner']","AFC Gamma, Inc.",0001822523,2021-03-18,0001140361-21-009155
BANK OF AMERICA CORP /DE/,['10% Owner'],BLACKROCK NEW YORK MUNICIPAL INCOME TRUST,0001137390,2021-04-12,0001140361-21-012399
Gardner Jay,['Director'],Mercury Ecommerce Acquisition Corp,0001849902,2021-07-27,0001140361-21-025743
Singh Dinakar,"['Officer', '10% Owner']",AxonPrime Infrastructure Acquisition Corp,0001857662,2021-08-12,0001140361-21-028163
KRAVIS HENRY R,['10% Owner'],"ForgeRock, Inc.",0001543916,2021-09-15,0001140361-21-031380
"Focus Impact Sponsor, LLC","['Director', '10% Owner']",Focus Impact Acquisition Corp.,0001854480,2021-10-27,0001140361-21-035691
HALVORSEN OLE ANDREAS,['10% Owner'],"Amylyx Pharmaceuticals, Inc.",0001658551,2022-01-11,0001140361-22-001397
Bauer Matthew N,['Officer'],Constellation Energy Corp,0001868275,2022-02-10,0001140361-22-004641
HENSELER PETER J,['Director'],OLD NATIONAL BANCORP /IN/,0000707179,2022-02-17,0001140361-22-006081
HALVORSEN OLE ANDREAS,['10% Owner'],Frazier Lifesciences Acquisition Corp,0001828326,2022-11-04,0001140361-22-040054
Porter Stuart D,['10% Owner'],"KLX Energy Services Holdings, Inc.",0001738827,2023-03-20,0001140361-23-012551
Beck Fiona Elizabeth,['Director'],IBEX Ltd,0001720420,2023-06-30,0001140361-23-032537
Perlstein Cory,['Officer'],"Sculptor Diversified Real Estate Income Trust, Inc.",0001914496,2023-09-01,0001140361-23-042308
Benzur Liat,['Director'],"Talkspace, Inc.",0001803901,2023-12-11,0001140361-23-057228
Laumas Sandeep,"['Director', 'Officer', 'Executive Chairman']","INNOVATE BIOPHARMACEUTICALS, INC.",0001551986,2018-02-08,0001144204-18-006719
Zhu Rong,['Officer'],Senmiao Technology Ltd,0001711012,2018-03-15,0001144204-18-015030
Almenoff June Sherie,['Officer'],"INNOVATE BIOPHARMACEUTICALS, INC.",0001551986,2018-03-19,0001144204-18-015481
Recli Federico Seghi,['Director'],TITAN PHARMACEUTICALS INC,0000910267,2018-05-23,0001144204-18-030506
"Chiesi Ventures, Inc.",['10% Owner'],"Kezar Life Sciences, Inc.",0001645666,2018-06-20,0001144204-18-035616
Chen Alan (Jin-Long),"['Director', '10% Owner']",NowNews Digital Media Technology Co. Ltd.,0001509477,2018-07-11,0001144204-18-037984
PAPPAS ARTHUR M,['10% Owner'],Liquidia Technologies Inc,0001330436,2018-07-25,0001144204-18-039971
Ryan Beedie,['10% Owner'],Accelerize Inc.,0001352952,2019-02-13,0001144204-19-008043
"Adynxx, Inc.",['10% Owner'],"AquaMed Technologies, Inc.",0001468929,2019-06-21,0001144204-19-031965
MENCOFF SAMUEL M,['10% Owner'],"Option Care Health, Inc.",0001014739,2019-08-07,0001144204-19-038306
Morrison Maureen F,['Director'],ASBURY AUTOMOTIVE GROUP INC,0001144980,2019-01-07,0001144980-19-000002
Kreger Bradley Allen,['Officer'],FLUIDIGM CORP,0001162194,2018-05-24,0001162194-18-000066
Atkinson Robert D,['Officer'],NEWMONT GOLDCORP CORP /DE/,0001164727,2019-06-05,0001164727-19-000110
Siv Soklin,['Officer'],Whitestone REIT,0001175535,2022-02-22,0001175535-22-000034
Sexton John P,['Officer'],"Cboe Global Markets, Inc.",0001374310,2018-03-06,0001179110-18-003671
BONNEY MICHAEL W,['Director'],"Syros Pharmaceuticals, Inc.",0001556263,2018-06-15,0001179110-18-008616
Jill Griebenow,['Officer'],"Cboe Global Markets, Inc.",0001374310,2018-08-15,0001179110-18-010602
Richard Christopher,['Officer'],INVIVO THERAPEUTICS HOLDINGS CORP.,0001292519,2019-01-15,0001179110-19-000765
John Robert Koch,['Officer'],"Michaels Companies, Inc.",0001593936,2019-01-29,0001179110-19-001028
Long Justin M,['Officer'],"CBTX, Inc.",0001473844,2019-04-30,0001179110-19-005298
"Robert H. Rhyne, Jr.",['Director'],RedHawk Holdings Corp.,0001353406,2019-08-13,0001179110-19-009429
Grange Heidi B,['Officer'],NORTECH SYSTEMS INC,0000722313,2019-09-10,0001179110-19-010250
Fairclough Brett,['Officer'],"Virtu Financial, Inc.",0001592386,2019-09-13,0001179110-19-010327
PAULEY JAY D,['Director'],"Vivint Smart Home, Inc.",0001713952,2020-01-22,0001179110-20-000711
Martine-Dolecki Cathy-Ann,['Director'],TESSCO TECHNOLOGIES INC,0000927355,2020-11-16,0001179110-20-011141
Helen Delman,['Other'],DWS MUNICIPAL INCOME TRUST,0000839533,2021-09-13,0001179124-21-000030
Bough Bonin,['Director'],Philip Morris International Inc.,0001413329,2021-02-08,0001182489-21-000033
Balencic Jordan Paul,['Director'],"Mitesco, Inc.",0000802257,2024-01-02,0001185185-24-000008
NICK BARBARA A,['Director'],ALLETE INC,0000066756,2020-07-30,0001186165-20-000005
Patel Sanjay S,['Officer'],"IMMUNIC, INC.",0001280776,2019-07-24,0001193805-19-000658
McNeely Joseph E,['Officer'],"Andersons, Inc.",0000821026,2018-01-03,0001209191-18-000709
Scoggins Edward Andrew Jr.,['Director'],ULTRA PETROLEUM CORP,0001022646,2018-03-07,0001209191-18-017608
Brundage Deborah,['Officer'],"MONRO, INC.",0000876427,2018-04-13,0001209191-18-024804
Boyce Sarah,"['Director', 'Officer']","AKCEA THERAPEUTICS, INC.",0001662524,2018-04-18,0001209191-18-025304
Chappel Scott C,['Officer'],"Surface Oncology, Inc.",0001718108,2018-04-18,0001209191-18-025392
Viswanathan Ravi,['10% Owner'],"Surface Oncology, Inc.",0001718108,2018-04-18,0001209191-18-025435
Wolberg Kirsten O.,['Officer'],DOCUSIGN INC,0001261333,2018-04-26,0001209191-18-026333
LANGER ROBERT,['Director'],Abpro Corp,0001670356,2018-05-10,0001209191-18-029389
Smith Audrey A.,['Officer'],TENNECO INC,0001024725,2018-05-22,0001209191-18-032188
Barbarosh Craig A.,['Director'],"ARATANA THERAPEUTICS, INC.",0001509190,2018-05-22,0001209191-18-032362
Symington John,['Officer'],FRANK'S INTERNATIONAL N.V.,0001575828,2018-06-25,0001209191-18-039359
"Clarus Lifesciences III, L.P.",['10% Owner'],"Forty Seven, Inc.",0001667633,2018-06-27,0001209191-18-039609
Behbahani Ali,['10% Owner'],"GENOCEA BIOSCIENCES, INC.",0001457612,2018-07-17,0001209191-18-042856
John P. McKearn,['10% Owner'],Allakos Inc.,0001564824,2018-07-18,0001209191-18-043189
Maple Holdings B.V.,['10% Owner'],Keurig Dr Pepper Inc.,0001418135,2018-07-19,0001209191-18-043376
WILKERSON SONJA MICHELLE,['Director'],Koppers Holdings Inc.,0001315257,2018-09-12,0001209191-18-050697
Ebersole Nori,['Officer'],Urovant Sciences Ltd.,0001740547,2018-09-26,0001209191-18-052298
Petree Daniel H,['Director'],SUTRO BIOPHARMA INC,0001382101,2018-09-26,0001209191-18-052349
McDevitt Damien,['Director'],"AKCEA THERAPEUTICS, INC.",0001662524,2018-10-10,0001209191-18-054760
Petersen Timothy,['Director'],"SI-BONE, Inc.",0001459839,2018-10-16,0001209191-18-055159
Arenberg Michael,['Officer'],DURECT CORP,0001082038,2018-10-24,0001209191-18-056116
Finn Patrick John,['Officer'],Twist Bioscience Corp,0001581280,2018-10-30,0001209191-18-056593
GABBAY HENRY,['Director'],BLACKROCK NEW YORK MUNICIPAL INCOME TRUST II,0001176197,2019-01-04,0001209191-19-002317
GABBAY HENRY,['Director'],BlackRock Health Sciences Trust,0001314966,2019-01-04,0001209191-19-002332
Melin Heidi M,['Director'],"Sailpoint Technologies Holdings, Inc.",0001627857,2019-01-08,0001209191-19-002824
Murray Christine,['Director'],"Eiger BioPharmaceuticals, Inc.",0001305253,2019-01-08,0001209191-19-003030
Akin Okan I.,['Officer'],"Allegiance Bancshares, Inc.",0001642081,2019-01-30,0001209191-19-005981
Lane Nick,['Officer'],"AXA Equitable Holdings, Inc.",0001333986,2019-02-05,0001209191-19-007259
GADICKE ANSBERT,['10% Owner'],"Harpoon Therapeutics, Inc.",0001708493,2019-02-07,0001209191-19-008260
"New Leaf Ventures III, L.P.",['10% Owner'],"Harpoon Therapeutics, Inc.",0001708493,2019-02-07,0001209191-19-008266
Patel Dipan D,['Officer'],SBA COMMUNICATIONS CORP,0001034054,2019-02-07,0001209191-19-008291
Myers Tessa M.,['Director'],BADGER METER INC,0000009092,2019-03-01,0001209191-19-014869
NACHTSHEIM JAMI K,['Director'],CERUS CORP,0001020214,2019-03-06,0001209191-19-017529
Battle Emma S.,['Director'],Primo Water Corp,0001365101,2019-03-08,0001209191-19-018098
Maw Scott Harlan,['Director'],CHIPOTLE MEXICAN GRILL INC,0001058090,2019-03-18,0001209191-19-020065
Humphries Brian,"['Director', 'Officer']",COGNIZANT TECHNOLOGY SOLUTIONS CORP,0001058290,2019-04-03,0001209191-19-023228
SCHULMAN AMY W,['Director'],"Cyclerion Therapeutics, Inc.",0001755237,2019-04-03,0001209191-19-023509
LESCHLY MARK,['Director'],NGM BIOPHARMACEUTICALS INC,0001426332,2019-04-03,0001209191-19-023536
"WLR Recovery Fund V DSS AIV, L.P.",['10% Owner'],Diamond S Shipping Inc.,0001761940,2019-04-05,0001209191-19-023943
WISE R HALSEY,['Director'],CERNER CORP /MO/,0000804753,2019-04-17,0001209191-19-024865
Govrin David E.,['Officer'],Third Point Reinsurance Ltd.,0001576018,2019-05-13,0001209191-19-029364
"ICONIQ STRATEGIC PARTNERS II, L.P.",['10% Owner'],"Fastly, Inc.",0001517413,2019-05-16,0001209191-19-030620
Parisen William,['Officer'],BADGER METER INC,0000009092,2019-06-03,0001209191-19-033977
NELSON RYAN ROBERT,['Officer'],CONNS INC,0001223389,2019-06-04,0001209191-19-034541
Dinu Raluca,['Director'],"GigCapital2, Inc.",0001770141,2019-06-05,0001209191-19-034714
MCDONALD WESLEY S,['Director'],URBAN OUTFITTERS INC,0000912615,2019-06-05,0001209191-19-034831
EVANS BRANDON THOMAS,"['Officer', 'Assistant Treasurer']",PIMCO HIGH INCOME FUND,0001219360,2019-06-06,0001209191-19-035155
Stickel Raymond Jr,['Other'],Invesco Senior Loan Fund,0000853180,2019-06-10,0001209191-19-035750
RESSEL TERESA,['Other'],Invesco Senior Loan Fund,0000853180,2019-06-18,0001209191-19-037647
Jack L. Sinclair,"['Director', 'Officer', 'Chief Executive Officer']","Sprouts Farmers Market, Inc.",0001575515,2019-06-26,0001209191-19-039135
Furlong Stephen,['Officer'],"Neuronetics, Inc.",0001227636,2019-07-24,0001209191-19-043046
Warren E. Buffett,['10% Owner'],BANK OF AMERICA CORP /DE/,0000070858,2019-07-25,0001209191-19-043250
Kemp Harry Albert,['Officer'],LEAR CORP,0000842162,2019-08-05,0001209191-19-044441
Viggiano John,['Other (Affiliated Person)'],AllianzGI Convertible & Income 2024 Target Term Fund,0001701809,2019-08-30,0001209191-19-047807
Rammelt Susan Greenspon,"['Director', 'Officer']","SmileDirectClub, Inc.",0001775625,2019-09-11,0001209191-19-049164
Joel Motley W,['Trustee'],Invesco Municipal Income Opportunities Trust,0000835333,2019-09-25,0001209191-19-050664
Soparkar Peter,['Officer'],"Adverum Biotechnologies, Inc.",0001501756,2019-11-01,0001209191-19-054741
Tressler Nick B.,['Officer'],"Senseonics Holdings, Inc.",0001616543,2019-11-19,0001209191-19-057246
Bradshaw Curt,['Officer'],"ARROWHEAD PHARMACEUTICALS, INC.",0000879407,2019-11-20,0001209191-19-057487
"Opaleye, L.P.",['10% Owner'],"ArTara Therapeutics, Inc.",0001359931,2020-01-13,0001209191-20-003218
Zummo Jacqueline,['Officer'],"ArTara Therapeutics, Inc.",0001359931,2020-01-13,0001209191-20-003232
O'Connor David P.,['Officer'],"THL Credit, Inc.",0001464963,2020-02-12,0001209191-20-008599
Dickson Kathryn P,['Officer'],"Tilray, Inc.",0001731348,2020-03-06,0001209191-20-017001
BARBARI SHARON SURREY,['Director'],Menlo Therapeutics Inc.,0001566044,2020-03-11,0001209191-20-018209
Whitten Candice Stack,['Other'],PIMCO NEW YORK MUNICIPAL INCOME FUND III,0001181505,2020-03-27,0001209191-20-021473
MOGELOF ERIC J,['Other'],PIMCO CORPORATE & INCOME STRATEGY FUND,0001160990,2020-03-27,0001209191-20-021615
WEBER MARIANNE DOLAN,['Other'],"MSG ENTERTAINMENT SPINCO, INC.",0001795250,2020-04-06,0001209191-20-023651
Holst Micah L,['Officer'],"Roadrunner Transportation Systems, Inc.",0001440024,2020-04-20,0001209191-20-025163
Wong Janet S.,['Director'],"Allegiance Bancshares, Inc.",0001642081,2020-04-23,0001209191-20-025480
Mayer Bethany,['Director'],BOX INC,0001372612,2020-04-28,0001209191-20-025938
Kaser Jeffrey S,['Officer'],PACKAGING CORP OF AMERICA,0000075677,2020-05-11,0001209191-20-028219
Kuehl Todd F,['Officer'],Invesco High Income Trust II,0000846671,2020-05-13,0001209191-20-028929
Lege Annette,"['Director', 'Officer']",Invesco Pennsylvania Value Municipal Income Trust,0000895528,2020-05-15,0001209191-20-029535
SEAMS CHRISTOPHER A,['Director'],Xperi Holding Corp,0001803696,2020-06-03,0001209191-20-034252
Ho Carole,['Director'],NGM BIOPHARMACEUTICALS INC,0001426332,2020-06-08,0001209191-20-035307
BECKER W MARSTON,['Director'],AXIS CAPITAL HOLDINGS LTD,0001214816,2020-06-11,0001209191-20-036049
Forte Steve,['Officer'],Repare Therapeutics Inc.,0001808158,2020-06-18,0001209191-20-037743
Blair Graeme,['Officer'],INNOSPEC INC.,0001054905,2020-07-01,0001209191-20-039692
SINGH RAJEEV,"['Director', 'Officer', 'Chief Executive Officer']","Accolade, Inc.",0001481646,2020-07-01,0001209191-20-039864
CLEMMER RICHARD L,['Director'],Aptiv PLC,0001521332,2020-07-06,0001209191-20-041051
Owen Mary,['Director'],Gordon Pointe Acquisition Corp.,0001708176,2020-07-06,0001209191-20-041232
Lizzul Paul F.,['Officer'],"ANAPTYSBIO, INC",0001370053,2020-07-31,0001209191-20-044257
Andrews Richard Kevin,['Officer'],BATTALION OIL CORP,0001282648,2020-08-25,0001209191-20-048210
Ranalli Tamara A.,['Officer'],QUIDEL CORP /DE/,0000353569,2020-08-26,0001209191-20-048476
Wolberg Kirsten O.,['Director'],CalAmp Corp.,0000730255,2020-09-03,0001209191-20-049365
Eric D. Mullins,['Director'],CONOCOPHILLIPS,0001163165,2020-09-08,0001209191-20-049760
Hauwert Ralph,['Officer'],Unity Software Inc.,0001810806,2020-09-17,0001209191-20-051068
Heuland Noemie Clemence,['Officer'],Ceridian HCM Holding Inc.,0001725057,2020-10-05,0001209191-20-053592
Topper James N,['10% Owner'],"Tarsus Pharmaceuticals, Inc.",0001819790,2020-10-15,0001209191-20-054997
Geidt Elliot,['Director'],"Root, Inc.",0001788882,2020-10-27,0001209191-20-056022
Huhnke Burkhard J.,['Officer'],Fisker Inc./DE,0001720990,2020-11-02,0001209191-20-056479
Leemrijse Romeo,['Director'],AZEK Co Inc.,0001782754,2020-11-19,0001209191-20-059327
SHAPIRO LEE,['Director'],"CLOVER HEALTH INVESTMENTS, CORP. /DE",0001801170,2021-01-11,0001209191-21-003131
Loeger Julie A,['Officer'],EBAY INC,0001065088,2021-01-20,0001209191-21-004658
Busky Joseph M,['Officer'],Ortho Clinical Diagnostics Holdings plc,0001828443,2021-01-27,0001209191-21-005802
Perez David Brian,['Director'],Ortho Clinical Diagnostics Holdings plc,0001828443,2021-01-27,0001209191-21-005813
Brigliadori Geraldine Edith,['Other'],PIMCO NEW YORK MUNICIPAL INCOME FUND,0001140410,2021-01-29,0001209191-21-006351
ENGLEMAN EDGAR,"['Director', '10% Owner']","Bolt Biotherapeutics, Inc.",0001641281,2021-02-04,0001209191-21-007838
Schott Robert J.,['Officer'],"SANGAMO THERAPEUTICS, INC",0001001233,2021-02-10,0001209191-21-009401
Singhal Vikas,['Director'],"Metromile, Inc.",0001819035,2021-02-11,0001209191-21-009952
Sirdashney Heather G,['Officer'],CONOCOPHILLIPS,0001163165,2021-03-04,0001209191-21-017701
SOKOLOFF JONATHAN D,"['Director', '10% Owner']",JOANN Inc.,0001834585,2021-03-11,0001209191-21-019949
Roberts Zachary,['Officer'],"Instil Bio, Inc.",0001789769,2021-03-18,0001209191-21-021947
Clancy Paul J,['Director'],EXACT SCIENCES CORP,0001124140,2021-03-19,0001209191-21-022120
Shah Pratik,"['Director', 'Officer']","Design Therapeutics, Inc.",0001807120,2021-03-25,0001209191-21-023121
Thompson Peter A.,"['Director', '10% Owner']","Edgewise Therapeutics, Inc.",0001710072,2021-03-25,0001209191-21-023142
Duggan Elizabeth A,['Officer'],PIMCO Dynamic Income Fund,0001510599,2021-03-26,0001209191-21-023277
"Lux Ventures IV, L.P.",['10% Owner'],"RECURSION PHARMACEUTICALS, INC.",0001601830,2021-04-15,0001209191-21-026794
Herman Cipora,['Director'],"ZIPRECRUITER, INC.",0001617553,2021-05-14,0001209191-21-032993
MAYLEBEN TIMOTHY M,['Director'],"Landos Biopharma, Inc.",0001785345,2021-05-17,0001209191-21-033249
Krishnan Rajesh,['Officer'],"Oncternal Therapeutics, Inc.",0001260990,2021-05-27,0001209191-21-036323
"GOLDMAN SACHS GROUP INC, GOLDMAN SACHS & CO. LLC, Goldman Sachs PSI Global Holdings, LLC, Stonebridge 2020 Offshore Holdings II, L.P., Bridge Street Opportunity Advisors, L.L.C., StoneBridge 2020, L.P.","['Director', '10% Owner']",Flywire Corp,0001580560,2021-06-01,0001209191-21-037322
ORBIMED ADVISORS LLC,['Director'],"Janux Therapeutics, Inc.",0001817713,2021-06-10,0001209191-21-039666
Hayden Rachel,['Officer'],"SCANSOURCE, INC.",0000918965,2021-06-17,0001209191-21-041497
MCBRINN SYLVIA,['Director'],"BioAtla, Inc.",0001826892,2021-06-16,0001209191-21-041558
Kundra Vivek,['Officer'],"Sprinklr, Inc.",0001569345,2021-06-22,0001209191-21-042567
"Leonard Green & Partners, L.P.","['Director', '10% Owner']","Mister Car Wash, Inc.",0001853513,2021-06-25,0001209191-21-043380
Warner Nicholas,['Officer'],"SentinelOne, Inc.",0001583708,2021-06-29,0001209191-21-043748
Grafman Allan,['Director'],"IDW MEDIA HOLDINGS, INC.",0001463833,2021-07-01,0001209191-21-044430
DeCamillo Aimee Rochelle,"['Director', 'Officer']",Jackson Financial Inc.,0001822993,2021-08-06,0001209191-21-050156
Susser Philip,['Portfolio Manager'],Invesco High Income Trust II,0000846671,2021-08-09,0001209191-21-050354
TURNER BRENTON R.,"['Officer', 'Chief Operating Officer']","ROVER GROUP, INC.",0001826018,2021-08-09,0001209191-21-050462
Cooper Kerry Whorton,['Director'],TPB Acquisition Corp I,0001847090,2021-08-10,0001209191-21-050704
Langenauer Roberto,['Director'],"AgileThought, Inc.",0001790625,2021-08-25,0001209191-21-053515
"Winder Investment Pte Ltd, Haldor Foundation, Freemont Capital Pte Ltd",['10% Owner'],SENSIENT TECHNOLOGIES CORP,0000310142,2021-08-26,0001209191-21-053521
Patel Premal,['Officer'],"eFFECTOR Therapeutics, Inc.",0001828522,2021-08-27,0001209191-21-053700
Rogers Julie McKie,['Officer'],Volta Inc.,0001819584,2021-08-30,0001209191-21-053922
JEW JEANNE Y,['Director'],"CATALYST BIOSCIENCES, INC.",0001124105,2021-09-13,0001209191-21-055779
Conder Keenan Michael,['Officer'],"SentinelOne, Inc.",0001583708,2021-09-13,0001209191-21-055787
Johnson Adam M.,['Director'],MARINEMAX INC,0001057060,2021-09-28,0001209191-21-057914
Alexander Karen,['Officer'],"Bakkt Holdings, Inc.",0001820302,2021-10-19,0001209191-21-060926
Borrego Andres,['Director'],"AgileThought, Inc.",0001790625,2021-10-29,0001209191-21-062110
Mauro Gregorio,['Director'],EAGLE MATERIALS INC,0000918646,2021-11-03,0001209191-21-062699
Tiller Jane,['Director'],"Longboard Pharmaceuticals, Inc.",0001832168,2021-11-17,0001209191-21-064952
Ayele Wouleta,"['Officer', 'Chief Technology Officer']","Sweetgreen, Inc.",0001477815,2021-11-17,0001209191-21-065275
ALSP Orchid Sponsor LLC,['10% Owner'],ALSP Orchid Acquisition Corp I,0001883962,2021-11-18,0001209191-21-065561
Lang Daniel,['Officer'],"Athenex, Inc.",0001300699,2021-12-01,0001209191-21-067301
D'Souza Rupert,['Officer'],"Adverum Biotechnologies, Inc.",0001501756,2021-12-08,0001209191-21-068553
Hollingsworth Jarvis V.,['Director'],"Core Scientific, Inc./tx",0001839341,2022-01-31,0001209191-22-005585
Lee Alicia,['Officer'],"FORRESTER RESEARCH, INC.",0001023313,2022-01-31,0001209191-22-005643
Lehnhardt Aaron J,['Officer'],"Knightscope, Inc.",0001600983,2022-02-01,0001209191-22-006153
Bartzokis Thomas C.,['Director'],GEO GROUP INC,0000923796,2022-02-02,0001209191-22-006535
Heery Christopher,['Officer'],"Arcellx, Inc.",0001786205,2022-02-03,0001209191-22-006865
Hodge Michael Edward,['Director'],SONIC AUTOMOTIVE INC,0001043509,2022-03-07,0001209191-22-016665
David Cowan,['Director'],"Rigetti Computing, Inc.",0001838359,2022-03-11,0001209191-22-018196
JOHNSON LADON,['Officer'],MARRONE BIO INNOVATIONS INC,0001441693,2022-03-24,0001209191-22-020921
Boehnlein Glenn S,['Director'],Inogen Inc,0001294133,2022-03-24,0001209191-22-021025
Reidy Christopher R,['Director'],Embecta Corp.,0001872789,2022-04-05,0001209191-22-023283
Shah Nimish P,['10% Owner'],"Tricida, Inc.",0001595585,2022-06-06,0001209191-22-034487
DAWSON CRAIG A,['Other'],PIMCO California Flexible Municipal Income Fund,0001911795,2022-06-15,0001209191-22-037186
McCartney Kathleen Ann,['Director'],PIMCO Flexible Municipal Income Fund,0001723701,2022-06-30,0001209191-22-040092
Stephen Conchie,['Officer'],HERBALIFE NUTRITION LTD.,0001180262,2022-08-02,0001209191-22-044001
Burger Barbara J,['Director'],"Heliogen, Inc.",0001840292,2022-09-14,0001209191-22-049884
Kenneth W. Lee,['Officer'],PIMCO Flexible Real Estate Income Fund,0001896329,2022-11-14,0001209191-22-056810
Schneider Jerome M,['Other'],PIMCO Flexible Real Estate Income Fund,0001896329,2022-11-14,0001209191-22-056834
Pier Sonali Shah,['Other'],"PIMCO STRATEGIC INCOME FUND, INC",0000916183,2023-02-03,0001209191-23-006663
Lieser Brian,['Officer'],BELDEN INC.,0000913142,2023-02-24,0001209191-23-012555
Cusack Mareile B.,['Director'],DNP SELECT INCOME FUND INC,0000806628,2023-03-06,0001209191-23-016411
Kiefer Evan Montgomery,['Officer'],"Black Stone Minerals, L.P.",0001621434,2023-03-07,0001209191-23-016931
Pompa Valerie,['Officer'],HF Sinclair Corp,0001915657,2023-04-03,0001209191-23-022357
Hom Jesse,['Director'],ISTAR INC.,0001095651,2023-04-04,0001209191-23-022953
Cline Darren S,['Director'],IMPEL PHARMACEUTICALS INC,0001445499,2023-04-13,0001209191-23-024248
Cavanaugh Stefanie L.,['Director'],Aspira Women's Health Inc.,0000926617,2023-05-18,0001209191-23-030705
Loggia Nicoletta,['Director'],"Candel Therapeutics, Inc.",0001841387,2023-06-09,0001209191-23-035621
Burgess Michael F.,"['Director', 'Officer (Interim Chief Medical Officer)']",Turnstone Biologics Corp.,0001764974,2023-07-20,0001209191-23-043008
Adamo Jonathan,['Officer'],"NNN REIT, INC.",0000751364,2023-08-14,0001209191-23-045643
Jeremy Blank,['Director'],Gamida Cell Ltd.,0001600847,2023-08-15,0001209191-23-045830
Leekha Puja,['Officer'],Orthofix Medical Inc.,0000884624,2023-09-18,0001209191-23-049747
Brightman Glenn Eugene,['Officer'],Invesco Senior Loan Fund,0000853180,2023-10-10,0001209191-23-052416
Brightman Glenn Eugene,['Officer'],Invesco Quality Municipal Income Trust,0000885125,2023-10-10,0001209191-23-052430
Boylan James P,['Director'],Immunome Inc.,0001472012,2023-10-12,0001209191-23-052703
BODENSTEINER LISA MARIE,['Officer'],SYNAPTICS Inc,0000817720,2023-12-07,0001209191-23-057990
"InnoHold, LLC",['10% Owner'],"Purple Innovation, Inc.",0001643953,2018-02-14,0001213900-18-001940
He Xin,['Officer'],iFresh Inc,0001681941,2018-04-12,0001213900-18-004345
Sunny Vanderbeck,['10% Owner'],Lovesac Co,0001701758,2018-06-26,0001213900-18-008303
KATZMAN RICHARD,['Director'],Forum Merger II Corp,0001741231,2018-08-02,0001213900-18-010132
Schneider Travis,['Director'],PETROTEQ ENERGY INC.,0001561180,2019-07-12,0001213900-19-012628
"ECP ControlCo, LLC",['10% Owner'],"NESCO HOLDINGS, INC.",0001709682,2019-08-01,0001213900-19-014274
Johnson Carolyn M,['Director'],Majesco,0001626853,2019-09-10,0001213900-19-017632
Golembo Myriam,['Officer'],BiomX Inc.,0001739174,2019-11-01,0001213900-19-022428
Yung LiMing,['Officer'],Pingtan Marine Enterprise Ltd.,0001517130,2019-12-12,0001213900-19-025938
Cashel Michael S,['Director'],East Stone Acquisition Corp,0001760683,2020-02-19,0001213900-20-004320
Downs Mark,['Director'],"American Virtual Cloud Technologies, Inc.",0001704760,2020-04-17,0001213900-20-009524
McLallen Walter Field,['Director'],Lovesac Co,0001701758,2020-06-19,0001213900-20-015367
Marriott Sarah,"['Director', 'Officer']",Panacea Acquisition Corp,0001811063,2020-06-30,0001213900-20-016365
Pankovcin Corinne,['Officer'],"ADiTx Therapeutics, Inc.",0001726711,2020-07-09,0001213900-20-017129
Runge Jeffrey W.,['Director'],"ADiTx Therapeutics, Inc.",0001726711,2020-07-22,0001213900-20-018286
Tananbaum James B.,"['Director', 'Officer']",FS Development Corp.,0001816736,2020-08-11,0001213900-20-021505
Weisberg Laurie,['Director'],"Jerrick Media Holdings, Inc.",0001357671,2020-08-13,0001213900-20-021907
Daboub Juan J.,['Director'],Tortoise Acquisition Corp. II,0001819584,2020-09-10,0001213900-20-026113
Kolber Jonathan,['Director'],ION Acquisition Corp 1 Ltd.,0001821018,2020-10-01,0001213900-20-029436
SUBIN NEIL S,['10% Owner'],Spartacus Acquisition Corp,0001822553,2020-10-15,0001213900-20-031632
Donaldson Richard C,['Director'],Capitol Investment Corp. V,0001722438,2020-12-01,0001213900-20-040294
Nance William Bennett,['Director'],Dune Acquisition Corp,0001817232,2020-12-17,0001213900-20-043341
GUBER PETER,['Director'],Bright Lights Acquisition Corp.,0001827328,2021-01-06,0001213900-21-000708
Grosch Peter,['Director'],Pontem Corp,0001830392,2021-01-12,0001213900-21-001808
Reich Anthony,['Officer'],ION Acquisition Corp 2 Ltd.,0001835378,2021-02-10,0001213900-21-008186
Daniel Barbara,['Director'],Isos Acquisition Corp.,0001840572,2021-03-02,0001213900-21-013009
Montgomery Terence R,['Director'],Glenfarne Merger Corp.,0001818880,2021-03-18,0001213900-21-016493
Emes Brian,['Officer'],CM Life Sciences III Inc.,0001843762,2021-04-06,0001213900-21-020503
Barone Samuel B.,['Officer'],"Gemini Therapeutics, Inc. /DE",0001816736,2021-04-14,0001213900-21-021517
Presutti Timothy M.,['Director'],B. Riley Principal 250 Merger Corp.,0001844211,2021-05-06,0001213900-21-025006
Schnitzer Steven C.,['Officer'],TortoiseEcofin Acquisition Corp. III,0001847112,2021-07-19,0001213900-21-037507
Lazer Dean,['10% Owner'],Pasithea Therapeutics Corp.,0001841330,2021-09-14,0001213900-21-048099
Nolet Chris,['Director'],"Jasper Therapeutics, Inc.",0001788028,2021-10-01,0001213900-21-051105
Hart Daniel M,"['Director', 'Officer']","Virgin Orbit Holdings, Inc.",0001843388,2022-01-03,0001213900-22-000337
Vandam Eric,['Officer'],1847 Holdings LLC,0001599407,2022-01-19,0001213900-22-002726
Hernandez Joseph,"['Officer', '10% Owner']",Blue Water Vaccines Inc.,0001782107,2022-02-17,0001213900-22-008307
Lo Gordon,"['Director', 'Officer']",Malacca Straits Acquisition Co Ltd,0001807594,2022-02-28,0001213900-22-009727
Johnson Jeffery D.,['Officer'],Cuentas Inc.,0001424657,2022-03-25,0001213900-22-015209
Simon Mindy F.,['Director'],Bilander Acquisition Corp.,0001845618,2022-04-27,0001213900-22-021922
Kidney Sean Stafford,['Director'],ClimateRock,0001903392,2022-04-27,0001213900-22-022036
LUTNICK HOWARD W,['10% Owner'],"MSP Recovery, Inc.",0001802450,2022-06-01,0001213900-22-030709
SUBIN NEIL S,['Director'],NEXTNAV INC.,0001865631,2022-08-11,0001213900-22-046863
GIBSON JOHN W JR,['Director'],"Nauticus Robotics, Inc.",0001849820,2022-09-13,0001213900-22-055760
Jable Todd,['Officer'],"Appreciate Holdings, Inc.",0001821075,2022-12-09,0001213900-22-078871
Deaton Patrick,['Officer'],NB Crossroads Private Markets Fund IV Holdings LLC,0001669382,2023-02-17,0001213900-23-012790
Quire Daniel,['Officer'],Karat Packaging Inc.,0001758021,2023-09-11,0001213900-23-075813
Jacob William Douglas,['Director'],"Falcon's Beyond Global, Inc.",0001937987,2023-10-06,0001213900-23-081231
Pereira Nathan P.,"['Director', 'Officer']",Unite Acquisition 1 Corp.,0001938571,2023-11-30,0001213900-23-091523
Black Iain,['Officer'],EMCORE CORP,0000808326,2018-04-02,0001214659-18-002549
HAYLES CAROL,['Director'],WEBSTER FINANCIAL CORP,0000801337,2018-10-24,0001214659-18-006639
Wagner Patricia K,['Director'],CALIFORNIA WATER SERVICE GROUP,0001035201,2019-11-20,0001214659-19-007322
Winnefeld James A Jr,['Director'],MOLSON COORS BEVERAGE CO,0000024545,2020-05-22,0001214659-20-004955
Egan Cynthia,['Director'],Huntsman CORP,0001307954,2020-06-18,0001214659-20-005761
Girolamo Todd C,['Director'],Longeveron Inc.,0001721484,2022-02-22,0001214659-22-003064
Mathew Mili,['Officer'],ONE LIBERTY PROPERTIES INC,0000712770,2023-03-13,0001214659-23-003789
O'Keefe Jennifer,['Officer'],"Mueller Water Products, Inc.",0001350593,2018-01-31,0001225208-18-001963
Ostrowsky Barry H,['Director'],PUBLIC SERVICE ENTERPRISE GROUP INC,0000788784,2018-02-27,0001225208-18-004307
Winget Demark L,"['Officer', 'Vice President']",Nuveen All Cap Energy MLP Opportunities Fund,0001582817,2018-02-24,0001225208-18-004493
Sun Angela,['Director'],Western Union CO,0001365135,2018-07-23,0001225208-18-011913
Lockhart Brian J,['Officer'],NUVEEN ARIZONA QUALITY MUNICIPAL INCOME FUND,0000892992,20190816,0001225208-19-011484
Longerstaey Jacques M,['Officer'],NUVEEN ARIZONA QUALITY MUNICIPAL INCOME FUND,0000892992,2019-08-13,0001225208-19-011485
Longerstaey Jacques M,['Officer'],NUVEEN GEORGIA QUALITY MUNICIPAL INCOME FUND,0001177219,2019-08-13,0001225208-19-011520
Meissner Jon Scott,['Officer'],NUVEEN GEORGIA QUALITY MUNICIPAL INCOME FUND,0001177219,2019-10-16,0001225208-19-013549
Raikes Donald R.,['Officer'],"DOMINION ENERGY, INC",0000715957,2019-12-06,0001225208-19-015386
Nitzan Andrea,['Other'],"Barings BDC, Inc.",0001379785,2020-01-30,0001225208-20-001370
Pierce Patrick Douglas,['Other'],COMMUNITY FINANCIAL CORP /MD/,0000855874,2020-02-21,0001225208-20-003043
Strife Jason,"['Other', ""Member-Sub-Adv's Joint Inv Com""]",Nuveen Churchill BDC INC.,0001737924,2020-02-21,0001225208-20-003086
Thornton Matthew III,['Other'],NUVEEN ARIZONA QUALITY MUNICIPAL INCOME FUND,0000892992,2020-11-19,0001225208-20-013800
Thornton Matthew III,"['Other', 'Trustee']",Nuveen Tax-Advantaged Dividend Growth Fund,0001397173,2020-11-21,0001225208-20-013860
Thornton Matthew III,['Other'],NUVEEN NEW JERSEY QUALITY MUNICIPAL INCOME FUND,0001087786,2020-11-20,0001225208-20-013935
Allen Quincy L,['Director'],ABM INDUSTRIES INC /DE/,0000771497,2021-02-19,0001225208-21-003179
Chandler Mary T,['Officer'],CUMMINS INC,0000026172,2021-03-03,0001225208-21-004415
RAMASWAMY SREEGANESH,['Director'],PACCAR INC,0000075362,2021-04-28,0001225208-21-007094
Liberatore Stephen,['Other'],Nuveen Core Plus Impact Fund,0001835068,2021-04-28,0001225208-21-007230
Roessiger Kimberly M,['Officer'],EATON VANCE LTD DURATION INCOME FUND,0001222922,2021-07-01,0001225208-21-009867
Roessiger Kimberly M,['Officer'],EATON VANCE TAX ADVANTAGED GLOBAL DIVIDEND INCOME FUND,0001270523,2021-07-01,0001225208-21-009898
Medero Joanne,"['Other', 'Trustee']",NUVEEN DIVERSIFIED DIVIDEND & INCOME FUND,0001255821,2021-07-07,0001225208-21-010371
Medero Joanne,['Other'],NUVEEN NEW JERSEY QUALITY MUNICIPAL INCOME FUND,0001087786,2021-07-07,0001225208-21-010463
MOSCHNER ALBIN F,['Other'],Nuveen Multi-Asset Income Fund,0001861115,2021-07-08,0001225208-21-010496
Eric A. Vaillancourt,['Officer'],"ENPRO INDUSTRIES, INC",0001164863,2021-08-04,0001225208-21-011199
DAVIS ALISON,"['Officer', '10% Owner']",Blockchain Coinvestors Acquisition Corp. I,0001873441,2021-11-09,0001225208-21-013734
Kutz Jeffrey,['Officer'],"Air Products & Chemicals, Inc.",0000002969,2022-05-09,0001225208-22-006690
Stenersen Trey III,['Officer'],NUVEEN PENNSYLVANIA QUALITY MUNICIPAL INCOME FUND,0000870780,2022-08-15,0001225208-22-009577
Hood Max,['Officer'],ODP Corp,0000800240,2023-03-08,0001225208-23-003578
BOSHOFF CHRISTOFFEL,['Officer'],PFIZER INC,0000078003,2023-08-04,0001225208-23-008002
Dejong Kristen,['Other'],NUVEEN NEW YORK AMT-FREE QUALITY MUNICIPAL INCOME FUND,0001195739,2023-10-16,0001225208-23-009504
RATHKE FRANCES G,['Other'],JOHN HANCOCK FINANCIAL OPPORTUNITIES FUND,0000925683,2020-09-18,0001228616-20-000019
Radke Robin M.,['Other'],MESABI TRUST,0000065172,2019-01-25,0001235802-19-000009
El-Erian Mohamed,['Director'],"Under Armour, Inc.",0001336917,2018-10-03,0001246360-18-002313
Hankey Don,"['Director', 'Officer', '10% Owner']",Bone Biologics Corp,0001419554,2018-07-26,0001250853-18-000106
ZEN Wei Peu,['Director'],"EMMAUS LIFE SCIENCES, INC.",0001420031,2018-08-03,0001250853-18-000110
GREENBERG ROBERT,['10% Owner'],"LIXTE BIOTECHNOLOGY HOLDINGS, INC.",0001335105,2018-12-11,0001250853-18-000149
Liu Nanxi,['Director'],"Kindred Biosciences, Inc.",0001561743,2021-02-08,0001250853-21-000028
Papadourakis Angelo Gregory,['Officer'],"Sacks Parente Golf, Inc.",0001934245,2023-08-17,0001250853-23-000053
Patel Kirtesh,['Director'],FIRST NATIONAL CORP /VA/,0000719402,2021-07-06,0001253225-21-000001
VALONE JAMES W,['Officer'],Nuveen Mortgage Opportunity Term Fund 2,0001479238,2018-10-29,0001263211-18-000002
Spires Tina,['Director'],Deep Medicine Acquisition Corp.,0001857086,2021-10-26,0001264931-21-000169
Li Ke,['Officer'],Jupiter Wellness Acquisition Corp.,0001883799,2021-12-06,0001264931-21-000241
Goldstein Peter D.,['Officer'],GABELLI EQUITY TRUST INC,0000794685,2020-08-26,0001271163-20-000057
WARD JR STEPHEN M,['Director'],VONAGE HOLDINGS CORP,0001272830,2021-06-30,0001272830-21-000200
Cortis Christian,['Officer'],AGENUS INC,0001098972,2018-06-22,0001288123-18-000018
Huang Zhifei,"['Director', 'Officer (Chief Financial Officer)']",ZKGC New Energy Ltd,0001896511,2023-08-09,0001290929-23-000010
DRISCOLL FREDERICK W,['Officer'],Conformis Inc,0001305773,2019-10-28,0001305773-19-000115
Kelly Thomas Francis,['Officer'],Celanese Corp,0001306830,2020-04-24,0001306830-20-000095
Peppet Scott R,['Director'],EQUITY LIFESTYLE PROPERTIES INC,0000895417,2018-08-02,0001315529-18-000002
Zemsky Paul,['Other'],Voya Global Advantage & Premium Opportunity Fund,0001332943,2020-01-23,0001321927-20-000023
Polar Asset Management Partners Inc.,['10% Owner'],Ace Global Business Acquisition Ltd,0001844389,2023-10-06,0001326389-23-000810
Osterberg Peter,['Officer'],STONERIDGE INC,0001043337,2022-04-06,0001331471-22-000031
du Pont Eleuthere I,['Director'],"DuPont de Nemours, Inc.",0001666700,2019-06-05,0001349330-19-000003
Ni David Kang-Wen,['Officer'],Enstar Group LTD,0001363829,2022-05-16,0001363829-22-000128
Kini Narasimha,['Officer'],"ExlService Holdings, Inc.",0001297989,2021-10-20,0001373631-21-000004
Haverty Kevin,['Officer'],"ServiceNow, Inc.",0001373715,2020-08-06,0001373715-20-000195
"MIC CAPITAL PARTNERS (PUBLIC) (US) IM, LLC",['10% Owner'],"RECURSION PHARMACEUTICALS, INC.",0001601830,2021-04-20,0001387131-21-004687
Reed Chris Lavern,['Director'],Byrna Technologies Inc.,0001354866,2021-06-11,0001387131-21-006514
Ganz Bryan,"['Director', 'Officer']",Byrna Technologies Inc.,0001354866,2021-06-11,0001387131-21-006518
Henry Brent Lee,['Director'],Finite Solar Finance Fund,0001844890,2021-12-30,0001387131-21-012396
Mielle Dominique,['Director'],TIPTREE INC.,0001393726,2020-01-27,0001393726-20-000014
Swanson David,['Director'],"RiverNorth Managed Duration Municipal Income Fund, Inc.",0001771226,2019-06-24,0001398344-19-010998
Allianz Global Investors U.S. LLC,['Other'],TAIWAN FUND INC,0000804123,2019-08-15,0001398344-19-014481
SHUGRUE GARY,['Director'],Keystone Private Income Fund,0001788420,2020-06-19,0001398344-20-012671
Shane Adam B,['Officer'],Hamilton Lane Private Assets Fund,0001803491,2020-07-10,0001398344-20-013571
Smith Aaron J,['Officer'],Fairway Private Equity Venture Capital Fund,0001877967,2021-10-15,0001398344-21-020344
Hardwick M Susan,['Officer'],"American Water Works Company, Inc.",0001410636,2019-06-03,0001410636-19-000113
Stewart Robert B Jr,['Director'],"Super League Gaming, Inc.",0001621672,2019-03-07,0001415889-19-000289
Guthrie Stephen Edward,['Officer'],"HAWTHORN BANCSHARES, INC.",0000893847,2020-05-20,0001415889-20-001283
Ackermann Cathy G,['Director'],SMARTFINANCIAL INC.,0001038773,2022-02-23,0001415889-22-001668
Lee Jeannie,['Officer'],"DIGITAL REALTY TRUST, INC.",0001297996,2022-05-02,0001415889-22-004469
Ingvaldson Eric,['Officer'],Pineapple Energy Inc.,0000022701,2022-10-12,0001415889-22-010480
Michael W. Schechter,['Director'],SAGA COMMUNICATIONS INC,0000886136,2023-05-17,0001415889-23-008206
Coomer Anirvan,['Director'],SES AI Corp,0001819142,2023-11-09,0001415889-23-014947
Suh Sung-Hee,['Other'],PIMCO MUNICIPAL INCOME FUND II,0001170299,2024-01-04,0001415889-24-000710
Narain Shivanand,['Officer'],PIMCO Flexible Municipal Income Fund,0001723701,2024-01-17,0001415889-24-001291
Pacetti Laine Elizabeth,['Officer'],PIMCO Flexible Municipal Income Fund,0001723701,2024-01-17,0001415889-24-001324
Wildermuth Paul Thomas,['Officer'],PIMCO Dynamic Income Fund,0001510599,2024-01-17,0001415889-24-001345
Mansfield Erin,['Director'],"Cboe Global Markets, Inc.",0001374310,2024-02-12,0001415889-24-003385
Bleznick Jordan,['Director'],"CVR PARTNERS, LP",0001425292,2023-03-24,0001425292-23-000014
Harroz Joseph Jr,['Director'],"DELAWARE INVESTMENTS MINNESOTA MUNICIPAL INCOME FUND II, INC",0000895658,2021-05-03,0001427387-21-000006
Holloway Elizabeth Bugg,['Director'],"ServisFirst Bancshares, Inc.",0001430723,2023-04-19,0001430723-23-000011
Martin Timothy J,['Officer'],TransUnion,0001552033,2019-05-16,0001434495-19-000002
CUMMINS MARC G,['Director'],"CATASYS, INC.",0001136174,2018-03-15,0001437749-18-004690
"Spot Light Investments, LLC",['10% Owner'],HF Foods Group Inc.,0001680873,2019-11-14,0001437749-19-022988
Chilton Linda M,['Officer'],"Eagle Bancorp Montana, Inc.",0001478454,2020-01-08,0001437749-20-000341
Hauf Jason W.,['Officer'],"BGC Partners, Inc.",0001094831,2022-06-13,0001437749-22-014880
Swift Sibyl Nichole,['Director'],"cbdMD, Inc.",0001644903,2022-08-11,0001437749-22-020195
KRAL JESSICA,['Officer'],ModivCare Inc,0001220754,2023-06-07,0001437749-23-016891
Heagy Eric J.,"['Director', 'Officer']","PFS Bancorp, Inc.",0001967656,2023-10-16,0001437749-23-028388
Lane Nick,['Director'],ALLIANCEBERNSTEIN HOLDING L.P.,0000825313,2019-04-01,0001441552-19-000004
FRISKE SCOTT MICHAEL,['Other'],FIRST TRUST ENHANCED EQUITY INCOME FUND,0001291334,2020-07-02,0001445546-20-003242
PURPURA ORLANDO,['Other (Portfolio Manager)'],FIRST TRUST SENIOR FLOATING RATE 2022 TARGET TERM FUND,0001687081,2020-08-17,0001445546-20-003923
Gonzalez Rachel A,['Director'],ELECTRONIC ARTS INC.,0000712515,2021-11-24,0001454387-21-000006
Verbarendse Michael Bryan,['Officer'],AMERICOLD REALTY TRUST,0001455863,2023-08-30,0001455863-23-000047
Shull David M,"['Director', 'Officer']",PLANTRONICS INC /CA/,0000914025,2020-09-09,0001463252-20-000035
GREENBERG WILLIAM ROSS,['Officer'],TWO HARBORS INVESTMENT CORP.,0001465740,2020-01-06,0001465740-20-000006
Solimene Lewis,['Officer'],MONROE CAPITAL Corp,0001512931,2022-06-30,0001474506-22-000076
CLEMENTS JAMES P,['Director'],"United Homes Group, Inc.",0001830188,2023-04-03,0001474506-23-000149
Nieri Michael P.,"['Director', 'Officer', '10% Owner']","United Homes Group, Inc.",0001830188,2023-04-03,0001474506-23-000158
Seto Yueh Eric,['Director'],Integrated Wellness Acquisition Corp,0001877557,2024-02-20,0001474506-24-000063
Salkind Gene Z,['Director'],Cure Pharmaceutical Holding Corp.,0001643301,2019-02-12,0001477932-19-000478
First Choice Marketing Group LLC,['10% Owner'],"Crucial Innovations, Corp.",0001766016,2021-05-11,0001477932-21-003009
PIANCONE SANDRO,"['Director', 'Officer', '10% Owner']","Hempacco Co., Inc.",0001892480,2022-08-31,0001477932-22-006586
Innovative Digital Investors Emerging Technology LP,['10% Owner'],"BITMINE IMMERSION TECHNOLOGIES, INC.",0001829311,2022-11-02,0001477932-22-008127
Garayev Elshad,"['Officer', 'CFO']",Flora Growth Corp.,0001790169,2023-01-03,0001477932-23-000047
Ryan Tarkington,['Officer'],"Thermon Group Holdings, Inc.",0001489096,2019-05-28,0001489096-19-000090
Grbelja Thomas Michael,"['Director', '10% Owner']","NuSTATE ENERGY HOLDINGS, INC.",0001082733,2018-02-15,0001493152-18-002226
Formant Christopher,['Director'],ID SYSTEMS INC,0000049615,2018-06-19,0001493152-18-008973
Mohan Pankaj,"['Director', 'Officer', 'Chairman, President and CEO']","Sonnet BioTherapeutics Holdings, Inc.",0001106838,2020-04-03,0001493152-20-005836
Kerwin Pamela,['Officer'],"Resonate Blends, Inc.",0000897078,2020-04-20,0001493152-20-006730
Jones Brendan Sean,"['Officer', 'Chief Operating Officer']",Blink Charging Co.,0001429764,2020-04-28,0001493152-20-007198
TOWERS CHRISTOPHER,['Director'],GBS Inc.,0001725430,2020-12-30,0001493152-20-024553
Erickson Bruce Kipp,['Officer'],Big Cypress Acquisition Corp.,0001833214,2021-10-22,0001493152-21-026148
Shum Steve,['Director'],"CalEthos, Inc.",0001174891,2021-11-10,0001493152-21-027863
Weinzierl John A,"['Director', '10% Owner', 'Other']",US ENERGY CORP,0000101594,2022-01-31,0001493152-22-002756
Matis Neta,['Officer'],Save Foods Inc.,0001789192,2022-02-02,0001493152-22-002949
Wei Rongguo,['Officer'],Alset Capital Acquisition Corp.,0001897245,2022-02-08,0001493152-22-003473
Kohen Ran Roland,"['Director', 'Officer', '10% Owner']",SQL Technologies Corp.,0001598981,2022-02-09,0001493152-22-003670
JACOB GARY S,"['Director', 'Officer']",OKYO Pharma Ltd,0001849296,2022-05-16,0001493152-22-013996
Prue Nigel,['Officer'],"SmartKem, Inc.",0001817760,2022-09-08,0001493152-22-025316
Sickles Ashley Elizabeth,['Officer'],"Greenwave Technology Solutions, Inc.",0001589149,2022-09-21,0001493152-22-026471
RICE YEHUDA MICHAEL,['Director'],Vascular Biogenics Ltd.,0001603207,2023-01-03,0001493152-23-000179
Whittle Mark Anthony,['Officer'],Amergent Hospitality Group Inc.,0001805024,2023-01-19,0001493152-23-001885
Krempa David,['Officer'],"Eton Pharmaceuticals, Inc.",0001710340,2023-03-08,0001493152-23-006995
Vaknin Avishai,['Officer'],EzFill Holdings Inc,0001817004,2023-05-04,0001493152-23-015408
SLS GROUP LLC,['10% Owner'],Syra Health Corp,0001922335,2023-09-28,0001493152-23-034698
Ketan Paranjape,['Director'],Syra Health Corp,0001922335,2023-10-03,0001493152-23-035253
HACKETT TODD RAYMOND,"['Director', 'Chief Executive Officer']","PCS Edventures!, Inc.",0001122020,2023-12-11,0001493152-23-044349
Barber Kevin D,['Director'],INTEVAC INC,0001001902,2018-02-26,0001503453-18-000015
Clark Richard Ryan,['Officer'],Kosmos Energy Ltd.,0001509991,2018-09-25,0001509991-18-000056
Costa Michael Lourenco,['Officer'],"Sabra Health Care REIT, Inc.",0001492298,2021-01-13,0001510192-21-000010
Cusack Catherine,['Director'],"Sabra Health Care REIT, Inc.",0001492298,2021-01-13,0001510192-21-000011
Weinstein Boaz,['10% Owner'],TKB Critical Technologies 1,0001860514,2022-05-26,0001510281-22-000109
Boaz Weinstein,['10% Owner'],GOLDMAN SACHS MLP & ENERGY RENAISSANCE FUND,0001612875,2023-02-09,0001510281-23-000020
Jorgensen Paul W.,['Officer'],"Doximity, Inc.",0001516513,2022-04-01,0001516513-22-000021
Bodner Charles R,['Officer'],BECTON DICKINSON & CO,0000010795,2018-07-09,0001543407-18-000049
BARBERA ISABELLA,['Officer'],"BASANITE, INC.",0001448705,2019-07-02,0001553350-19-000684
Emmons Clifford L,"['Director', 'Officer']","IIOT-OXYS, Inc.",0001290658,2018-06-11,0001553997-18-000022
DUBLON DINA,['Director'],PRICE T ROWE GROUP INC,0001113169,2019-06-14,0001562180-19-003518
Ward Whitney,['Officer'],COMSTOCK RESOURCES INC,0000023194,2019-07-19,0001562180-19-004003
Said Maya R.,['Director'],"PIERIS PHARMACEUTICALS, INC.",0001583648,2019-08-01,0001562180-19-004129
Oyolu Chukwuemeka A.,['Officer'],LyondellBasell Industries N.V.,0001489393,2021-08-06,0001562180-21-005222
TOCIO MARY ANN,['Director'],1Life Healthcare Inc,0001404123,2021-09-03,0001562180-21-005843
Bahl Jeremy,['Officer'],UNITED FIRE GROUP INC,0000101199,2022-05-24,0001562180-22-004368
Tiedeman Forrest,['Officer'],CIRCOR INTERNATIONAL INC,0001091883,2022-10-05,0001562180-22-007087
Gunzburg Janet,['Officer'],"Phreesia, Inc.",0001412408,2023-03-28,0001562180-23-003144
Griffin Rita E,['Director'],LyondellBasell Industries N.V.,0001489393,2023-05-19,0001562180-23-004372
Theodosopoulos Nikos,['Director'],"Hercules Capital, Inc.",0001280784,2023-09-25,0001562180-23-007018
Bove David G,['Officer'],UNITY BANCORP INC /NJ/,0000920427,2023-12-27,0001562180-23-008561
Malhotra Atul,['Officer'],FULTON FINANCIAL CORP,0000700564,2024-02-16,0001562180-24-001354
Jonathan Green,['10% Owner'],"Meet Group, Inc.",0001078099,2018-09-10,0001567619-18-002365
Moscato Robert Jr.,['10% Owner'],Cerecor Inc.,0001534120,2018-10-17,0001567619-18-004311
Helsel Dave,['Officer'],ANGIODYNAMICS INC,0001275187,2019-02-01,0001567619-19-002164
"Etzioni Partners, LLC",['10% Owner'],BRIDGE BANCORP INC,0000846617,2019-02-08,0001567619-19-002810
Carl C. Icahn,['10% Owner'],CAESARS ENTERTAINMENT Corp,0000858339,2019-03-12,0001567619-19-006698
Niemietz Kurt A.,['Officer'],KIRBY CORP,0000056047,2019-04-03,0001567619-19-008269
SOLAND DANIEL B,['Director'],"KalVista Pharmaceuticals, Inc.",0001348911,2019-04-24,0001567619-19-009058
Iskow Julie,['Director'],"VOCERA COMMUNICATIONS, INC.",0001129260,2019-06-04,0001567619-19-012787
Chang John B.,['Officer'],"COGENT COMMUNICATIONS HOLDINGS, INC.",0001158324,2019-08-07,0001567619-19-015918
Kathleen T. Barr,['Director'],"Muzinich BDC, Inc.",0001779523,2019-08-16,0001567619-19-017332
Aji Rajesh A.,['Officer'],"Bill.com Holdings, Inc.",0001786352,2019-12-11,0001567619-19-022906
Chao David K,"['Director', '10% Owner']","Bill.com Holdings, Inc.",0001786352,2019-12-11,0001567619-19-022908
Nyce Chad D,['Officer'],LINCOLN EDUCATIONAL SERVICES CORP,0001286613,2020-03-04,0001567619-20-005563
GSAM Holdings LLC,['10% Owner'],Goldman Sachs Credit Income Fund,0001796233,2020-03-16,0001567619-20-006462
"GOLDMAN SACHS ASSET MANAGEMENT, L.P.",['Other'],Goldman Sachs Real Estate Diversified Income Fund,0001796242,2020-03-16,0001567619-20-006485
Reich Robin S,['Director'],"Community First Bancshares, Inc.",0001691507,2020-04-03,0001567619-20-007491
Renz Justin A,['Officer'],"ARDELYX, INC.",0001437402,2020-06-08,0001567619-20-011862
Ryan J. Channell,['Officer'],TORTOISE ENERGY INFRASTRUCTURE CORP,0001268533,2020-06-25,0001567619-20-012591
Fairmount Funds Management LLC,['10% Owner'],Unum Therapeutics Inc.,0001622229,2020-07-08,0001567619-20-013082
Overdorf Michael,['Officer'],"Annexon, Inc.",0001528115,2020-07-23,0001567619-20-013656
BAKKEN SCOTT,['Officer'],ENERGY FUELS INC,0001385849,2020-09-01,0001567619-20-016331
Elinor F. Urstadt,"['10% Owner', 'Other']",URSTADT BIDDLE PROPERTIES INC,0001029800,2020-09-08,0001567619-20-016559
Brinker Neil David,"['Director', 'Officer']",MODINE MANUFACTURING CO,0000067347,2020-12-03,0001567619-20-020594
Daniel S. Loeb,['10% Owner'],"Upstart Holdings, Inc.",0001647639,2020-12-15,0001567619-20-021152
LOCKHART H EUGENE,['Director'],"ALKAMI TECHNOLOGY, INC.",0001529274,2021-04-13,0001567619-21-007986
"Insight Holdings Group, LLC",['10% Owner'],"SentinelOne, Inc.",0001583708,2021-07-06,0001567619-21-013043
Chen Bihua,['10% Owner'],"Tyra Biosciences, Inc.",0001863127,2021-09-14,0001567619-21-017067
Chen Bihua,['10% Owner'],"Pyxis Oncology, Inc.",0001782223,2021-10-07,0001567619-21-018043
Porter Stacey L.,"['Officer', 'Chief People Officer']","Outset Medical, Inc.",0001484612,2021-10-21,0001567619-21-018546
HENDRICKS RANDY J,"['Director', 'Officer']",Zovio Inc,0001305323,2021-12-08,0001567619-21-021782
Khan Adeel,['Officer'],"PS BUSINESS PARKS, INC./MD",0000866368,2022-01-11,0001567619-22-001024
Insight North America LLC,['Other'],"BNY MELLON MUNICIPAL INCOME, INC.",0000839122,2022-01-24,0001567619-22-001574
Moody Kylee J,['Officer'],"VWF Bancorp, Inc.",0001913838,2022-07-13,0001567619-22-013976
Papermaster Mark D,['Director'],"SMART Global Holdings, Inc.",0001616533,2022-09-01,0001567619-22-016939
Hada Tejraj S,['Director'],GREENE COUNTY BANCORP INC,0001070524,2022-11-07,0001567619-22-019223
Carrig Janet,['Director'],"Columbia Seligman Premium Technology Growth Fund, Inc.",0001471420,2023-01-04,0001567619-23-000082
Cahill Michael D,"['Director', 'Officer']","VWF Bancorp, Inc.",0001913838,2023-01-05,0001567619-23-000418
Tremblay Jean,['Officer'],"First Seacoast Bancorp, Inc.",0001943802,2023-01-19,0001567619-23-001011
FLEX LTD.,['10% Owner'],Nextracker Inc.,0001852131,2023-02-13,0001567619-23-002652
Thomas-Mackey Erinn,['Director'],"INSPIRE VETERINARY PARTNERS, INC.",0001939365,2023-09-27,0001575872-23-001489
Winn Kurt W.,"['Director', 'Officer']",Northann Corp.,0001923780,2023-10-31,0001575872-23-001686
Lande Jerome J.,['Director'],"Forest City Realty Trust, Inc.",0001647509,2018-04-25,0001578266-18-000003
Haigh Jason Thomas,['Other'],Versus Capital Multi-Manager Real Estate Income Fund LLC,0001515001,2021-10-26,0001579688-21-000004
MARTIN PATRICK,['Officer'],OUTFRONT Media Inc.,0001579877,2020-11-25,0001579877-20-000114
Mooney Edward Patrick Jr.,['Director'],PREDEX,0001568905,2022-07-24,0001580642-22-003694
Peichel William J,['Director'],Princeton Everest Fund,0001620515,2023-06-09,0001580642-23-003178
Mark G. St. George,['Officer'],EVANS BANCORP INC,0000842518,2019-04-08,0001593968-19-000939
Macadam Stephen E.,['Director'],Veritiv Corp,0001599489,2020-02-20,0001593968-20-000468
MOORE TIMOTHY L.,['Officer'],"Allogene Therapeutics, Inc.",0001737287,2023-04-26,0001593968-23-000642
Vest Ruskin Alexander,['Director'],"Reliant Bancorp, Inc.",0001606440,2018-01-09,0001595103-18-000001
Feldman Jonathan,['Officer'],"RUBICON PROJECT, INC.",0001595974,2018-06-29,0001595974-18-000064
WARMBIER KIMBERLY,['Officer'],Sabre Corp,0001597033,2018-07-10,0001597033-18-000103
KINTNER TIMOTHY ROY,['Officer'],"Great Western Bancorp, Inc.",0001613665,2018-03-02,0001613665-18-000028
Siegler Mike,['Officer'],COMMUNICATIONS SYSTEMS INC,0000022701,2021-01-08,0001615594-21-000004
Upham Loraine,['Officer'],"Boston Therapeutics, Inc.",0001473579,2018-03-06,0001615774-18-001671
Choi Yun Jung,['Officer'],Vista Outdoor Inc.,0001616318,2023-10-23,0001616318-23-000152
STANDLEY JOHN T,['Officer'],"Walgreens Boots Alliance, Inc.",0001618921,2020-09-02,0001618921-20-000069
DRISCOLL JOHN PATRICK,['Officer'],"Walgreens Boots Alliance, Inc.",0001618921,2022-10-27,0001618921-22-000066
Huffines Robert Luther,['Director'],"Walgreens Boots Alliance, Inc.",0001618921,2024-01-29,0001618921-24-000017
Kane Erin N,['Director'],Chemours Co,0001627223,2019-06-27,0001627223-19-000039
Madrona Investment Partners III,['10% Owner'],SMARTSHEET INC,0001366561,2018-04-26,0001628280-18-005163
LEWIN NICHOLAS SHERIDAN,"['Director', '10% Owner']",ESTABLISHMENT LABS HOLDINGS INC.,0001688757,2018-07-18,0001628280-18-009340
Kayyem Jon Faiz,"['Director', '10% Owner']","Inhibrx, Inc.",0001739614,2020-08-18,0001628280-20-012830
Wagner Klaus W.,['Officer'],"Inhibrx, Inc.",0001739614,2020-08-18,0001628280-20-012833
Robinson Todd Allen,['Officer'],"Renewable Energy Group, Inc.",0001463258,2020-12-09,0001628280-20-017288
Marcela V. Maus,['Director'],"2seventy bio, Inc.",0001860782,2021-10-18,0001628280-21-020182
Glickman Sarah JS,['Director'],"2seventy bio, Inc.",0001860782,2021-10-18,0001628280-21-020184
Gupta Anurag,['Officer (EVP of Engineering)'],"Velodyne Lidar, Inc.",0001745317,2022-02-04,0001628280-22-001873
WILLIAMS JENNIFER D.,['Officer'],R1 RCM Inc. /DE,0001910851,2023-01-13,0001628280-23-001049
Ahsan Jawad A,['Director'],FARO TECHNOLOGIES INC,0000917491,2023-02-02,0001628280-23-002036
Gustanski Mary,['Director'],"Amprius Technologies, Inc.",0001899287,2023-06-15,0001628280-23-022227
McGrath Christine Montenegro,['Director'],Reynolds Consumer Products Inc.,0001786431,2023-09-27,0001628280-23-033107
Shams Aammaad,"['Officer', 'Controller/Prin. Acct. Officer']","Evolent Health, Inc.",0001628908,2020-06-22,0001628908-20-000088
LEVITT MICHAEL J,['Director'],Kayne Anderson MLP/Midstream Investment Co,0001293613,2020-07-02,0001638397-20-000006
Walker Carita,['Director'],"Kayne Anderson NextGen Energy & Infrastructure, Inc.",0001500096,2022-06-30,0001638397-22-000014
Rowe Michael M,['Officer'],"EYENOVIA, INC.",0001682639,2018-07-03,0001638599-18-000720
Julian C. Baker,['Director'],"Aeglea BioTherapeutics, Inc.",0001636282,2021-02-25,0001638599-21-000271
Mildenhall Jonathan,['Director'],"PELOTON INTERACTIVE, INC.",0001639825,2022-02-10,0001639825-22-000026
Chan Chantel,['Officer'],NAMI Corp.,0001567388,2019-04-18,0001640334-19-000657
Ming Tracy,['Officer'],T Stamp Inc,0001718939,2022-02-04,0001644600-22-000017
Wang Lai,['Officer'],"BeiGene, Ltd.",0001651308,2021-04-09,0001651308-21-000065
Rees Simon,['Officer'],Sincerity Applied Materials Holdings Corp.,0001532595,2018-04-13,0001654954-18-003912
Lee Wang Kei,['Officer'],HotApp Blockchain Inc.,0001600347,2020-09-11,0001654954-20-010008
tsai chung-jung,['Director'],"Ainos, Inc.",0001014763,2021-04-28,0001654954-21-004756
Carson Benjamin Jr.,['Director'],"Charge Enterprises, Inc.",0001277250,2022-04-11,0001654954-22-004819
Bills David G,['Director'],LYDALL INC /DE/,0000060977,2018-05-01,0001657971-18-000016
BEXIGA ANNABELLE G,['Director'],Triton International Ltd,0001660734,2020-07-02,0001660734-20-000054
Rubano Debra,['Officer'],PGIM Short Duration High Yield Opportunities Fund,0001812923,2020-12-11,0001663201-20-000004
Brett Conrad,['10% Owner'],ENDRA Life Sciences Inc.,0001681682,2018-04-19,0001683168-18-001043
Cassels John Hamilton,['Officer'],"CANNAPHARMARX, INC.",0001081938,2020-02-04,0001683168-20-000363
Meglin Allen James,['Director'],"Organicell Regenerative Medicine, Inc.",0001557376,2020-08-06,0001683168-20-002543
Tong Raymond CF,['Director'],"PharmaCyte Biotech, Inc.",0001157075,2021-08-20,0001683168-21-003826
Snow Susan H,['Director'],NeoVolta Inc.,0001748137,2022-07-27,0001683168-22-005170
Willson Brent,['Director'],NeoVolta Inc.,0001748137,2022-07-27,0001683168-22-005172
Chang Chris,['Director'],ConneXionONE Corp.,0001182731,2023-07-05,0001683168-23-004653
Achanta Venkat,['Officer'],TransUnion,0001552033,2022-02-10,0001687957-22-000004
Rettinger Erich,['Officer'],Clough Global Equity Fund,0001316463,2021-06-10,0001688010-21-000002
Schafer Jerry,['Director'],"StarTek, Inc.",0001031029,2019-04-01,0001693731-19-000026
Thorsen Wayne,"['Officer', 'EVP, Chief Business Officer']",ADT Inc.,0001703056,2023-01-09,0001703056-23-000035
Moore Christopher,['Officer'],REAVES UTILITY INCOME FUND,0001263994,2022-10-13,0001708553-22-000001
Brendan J. Paddick,['Director'],Liberty Latin America Ltd.,0001712184,20180104,0001712184-18-000028
"John P. Calamos, Sr.","['Director', 'Officer']",Calamos Long/Short Equity & Dynamic Income Trust,0001717457,2019-11-25,0001717457-19-000003
Nathan Romney 2021 Family Trust,"['10% Owner', 'Other']","Goosehead Insurance, Inc.",0001726978,2021-03-08,0001726978-21-000045
Eric Pharis,['10% Owner'],BLACKBOXSTOCKS INC.,0001567900,2018-01-10,0001727674-18-000001
PERTCHIK JONATHAN,['Director'],Nikola Corp,0001731289,2023-12-18,0001731289-23-000325
CAMPBELL MICHAEL E,['Director'],WestRock Co,0001732845,2018-11-06,0001732845-18-000073
Martin Edward C,['Officer'],AMERICAN NATIONAL BANKSHARES INC.,0000741516,2018-02-28,0001732998-18-000001
Hennigan Thomas M,['Officer'],Carlyle Secured Lending III,0001851277,2021-08-30,0001734741-21-000006
Choi Lin Hung,"['Director', 'Officer', '10% Owner']","Jerash Holdings (US), Inc.",0001696558,2018-05-02,0001738702-18-000002
Noyes Richard Craig,['Other'],"RIVERNORTH OPPORTUNITIES FUND, INC.",0001501072,2018-06-11,0001743003-18-000003
Tomoo Yoshida,"['Director', '10% Owner']","Exceed World, Inc.",0001634293,2018-10-04,0001753630-18-000001
Root Teri R,['Officer'],Principal Diversified Select Real Asset Fund,0001756404,2019-06-27,0001756404-19-000055
Dixon Troy,['Director'],Tradeweb Markets Inc.,0001758730,2023-03-01,0001758730-23-000064
Moregain Capital Group,['10% Owner'],"Moregain Pictures, Inc.",0000921560,2019-01-08,0001763811-19-000001
Richard Roedel,['Director'],CLARIVATE Plc,0001764046,2020-12-30,0001764046-20-000128
IYER BALAKRISHNAN S,['Director'],CLARIVATE Plc,0001764046,2020-12-30,0001764046-20-000133
Shaolin Capital Management LLC,['10% Owner'],Model Performance Acquisition Corp,0001841993,2022-12-14,0001766806-22-000064
Powelson Robert F,['Director'],CAPSTONE TURBINE Corp,0001009759,2019-06-14,0001770907-19-000013
Nijhawan Pardeep,"['Director', 'Officer', '10% Owner']","Edesa Biotech, Inc.",0001540159,2019-06-11,0001777962-19-000001
DiPetrillo David,['Officer'],"BNY Mellon Municipal Bond Infrastructure Fund, Inc.",0001565381,2019-06-03,0001778162-19-000003
John J. Tedone,['Officer'],LYDALL INC /DE/,0000060977,2020-05-05,0001780989-20-000029
Skeoch Keith,['Other'],Aberdeen Income Credit Strategies Fund,0001503290,2019-09-30,0001789160-19-000008
Carr Justin P,['Other'],WELLS FARGO GLOBAL DIVIDEND OPPORTUNITY FUND,0001386067,2019-10-17,0001791409-19-000002
Nemer Gary Joel,['Director'],"Financial Gravity Companies, Inc.",0001377167,2019-11-15,0001794360-19-000001
Clement Ryan Moore,['Officer'],"SelectQuote, Inc.",0001794783,2022-06-10,0001794783-22-000039
Matthews Joshua Brandon,['Officer'],"SelectQuote, Inc.",0001794783,2023-08-18,0001794783-23-000088
Ostolaza Yvette,['Director'],LIONS GATE ENTERTAINMENT CORP /CN/,0000929351,2019-12-18,0001796999-19-000001
Maletira Amar,['Officer'],"Rackspace Technology, Inc.",0001810019,2020-11-23,0001810019-20-000053
SINHA DHARMENDRA KUMAR,['Officer'],"Rackspace Technology, Inc.",0001810019,2022-07-19,0001810019-22-000121
COURTNEY M. CICIORA TRUST,['10% Owner'],BOULDER GROWTH & INCOME FUND,0000102426,2020-05-12,0001811370-20-000002
Weber Stephen B,['Officer'],Southern National Bancorp of Virginia Inc,0001325670,2020-05-11,0001811562-20-000001
Hamady Robert Ramsey,['Officer'],NUSCALE POWER Corp,0001822966,2023-08-15,0001822966-23-000211
Paris Rod,['Other'],Aberdeen Income Credit Strategies Fund,0001503290,2020-10-16,0001828826-20-000005
Trempont Dominique,['Director'],Airspan Networks Holdings Inc.,0001823882,2021-08-13,0001829126-21-008166
Schultz Jacob G.,['Officer'],Destra Multi-Alternative Fund,0001523289,2022-07-27,0001829126-22-014714
Willis Karrie,['Director'],PORTAGE FINTECH ACQUISITION CORP.,0001853580,2023-07-31,0001829126-23-005059
Shetkar Narayan,['Officer'],"Aeries Technology, Inc.",0001853044,2023-11-16,0001829126-23-007520
Ward Edward D,['Director'],"Hayward Holdings, Inc.",0001834622,2022-05-20,0001834622-22-000057
RAY JOYCELYN M,['Director'],UNICO AMERICAN CORP,0000100716,2020-12-03,0001834764-20-000002
VanDelinder Brian,['Officer'],John Hancock GA Senior Loan Trust,0001742951,2023-10-16,0001839544-23-000017
Pierozzi Lisa,['Director'],RESOURCES CONNECTION INC,0001084765,2021-02-01,0001842885-21-000003
Esser Eric Eugene,['Officer'],"Codex DNA, Inc.",0001850079,2022-06-17,0001850079-22-000059
Yankilevich Helen,['Officer'],"Partners Group Private Equity (Master Fund), LLC",0001447247,2021-03-26,0001853548-21-000001
McBride Kelly P,['Officer'],"Krispy Kreme, Inc.",0001857154,2023-05-18,0001857154-23-000076
Singisetti Ravi Kumar,['Director'],TransUnion,0001552033,2022-07-11,0001872870-22-000002
DePree Alexis,['Director'],"Arhaus, Inc.",0001875444,2023-03-13,0001875444-23-000026
BERG DONALD C,['Director'],Meredith Holdings Corp,0001880863,2021-11-12,0001880863-21-000032
"Orchard Investments, LLC",['10% Owner'],OFS Capital Corp,0001487918,2021-09-27,0001882907-21-000008
Baumgart Jonathan,['Director'],"FDCTECH, INC.",0001722731,2023-09-18,0001884657-23-000002
Sulaiman Dalya,['Director'],BLACKBOXSTOCKS INC.,0001567900,2021-11-04,0001889705-21-000001
DeVooght Vilma,['Officer'],Partners Group Next Generation Infrastructure LLC,0001989393,2024-02-16,0001904022-24-000002
D'Antilio Derek,['Officer'],"ALLEGRO MICROSYSTEMS, INC.",0000866291,2022-01-12,0001904082-22-000002
Kasturi Rohini,['Officer'],SolarWinds Corp,0001739942,2022-03-01,0001912195-22-000002
Hadley Michael,['Officer'],"Carlyle Secured Lending, Inc.",0001544206,2022-04-12,0001913643-22-000006
Slape Doug,['Director'],HALLMARK FINANCIAL SERVICES INC,0000819913,2022-06-13,0001914789-22-000003
HOUSTON JAMES C,['Officer'],DAVEY TREE EXPERT CO,0000277638,2022-05-19,0001929436-22-000002
Yuan Ri (Richard),['Officer'],Tristar Acquisition I Corp.,0001852736,2023-09-14,0001929980-23-000205
Bright Darin,['10% Owner'],"PGIM Private Real Estate Fund, Inc.",0001875084,2022-07-06,0001934577-22-000001
Liddle Mary Elizabeth,['Officer'],QNB CORP,0000750558,2022-08-02,0001940909-22-000001
Nicholas Adams,['Other'],Clough Global Equity Fund,0001316463,2022-10-05,0001949730-22-000002
McNeila Joseph,['Officer'],Monachil Credit Income Fund,0001867714,2022-11-09,0001953805-22-000001
Jiang Ping,['Other'],"BNY MELLON STRATEGIC MUNICIPALS, INC.",0000818972,2023-08-03,0001987389-23-000006
Branner Peter,['Other'],abrdn Global Dynamic Dividend Fund,0001362481,2023-11-06,0001999438-23-000003
Li Zhijie,['Director'],Longduoduo Co Ltd,0001892316,2023-12-11,0002003997-23-000001
